anio,categoria,titulo,artista,ganador
1959,Record of the Year,Nel Blu Dipinto Di Blu (Volare),Domenico Modugno,1
1959,Record of the Year,Catch a Falling Star,Perry Como,0
1959,Record of the Year,The Chipmunk Song (Christmas Don't Be Late),David Seville,0
1959,Record of the Year,Fever,Peggy Lee,0
1959,Record of the Year,Witchcraft,Frank Sinatra,0
1959,Record of the Year,Mack the Knife,Bobby Darin,1
1959,Record of the Year,A Fool Such as I,Elvis Presley,0
1959,Record of the Year,High Hopes,Frank Sinatra,0
1959,Record of the Year,Like Young,André Previn,0
1959,Record of the Year,The Three Bells,The Browns,0
1961,Record of the Year,Theme from A Summer Place,Percy Faith,1
1961,Record of the Year,Are You Lonesome Tonight?,Elvis Presley,0
1961,Record of the Year,Georgia on My Mind,Ray Charles,0
1961,Record of the Year,Mack the Knife,Ella Fitzgerald,0
1961,Record of the Year,Nice 'n' Easy,Frank Sinatra,0
1962,Record of the Year,Moon River,Henry Mancini,1
1962,Record of the Year,Big Bad John,Jimmy Dean,0
1962,Record of the Year,The Second Time Around,Frank Sinatra,0
1962,Record of the Year,Take Five,The Dave Brubeck Quartet,0
1962,Record of the Year,(Up a) Lazy River,Si Zentner,0
1963,Record of the Year,I Left My Heart in San Francisco,Tony Bennett,1
1963,Record of the Year,Desafinado,Stan Getz & Charlie Byrd,0
1963,Record of the Year,Fly Me to the Moon Bossa Nova,Joe Harnell and His Orchestra,0
1963,Record of the Year,I Can't Stop Loving You,Ray Charles,0
1963,Record of the Year,What Kind of Fool Am I?,Sammy Davis Jr.,0
1964,Record of the Year,Days of Wine and Roses,Henry Mancini,1
1964,Record of the Year,Dominique,The Singing Nun,0
1964,Record of the Year,Happy Days Are Here Again,Barbra Streisand,0
1964,Record of the Year,I Wanna Be Around,Tony Bennett,0
1964,Record of the Year,Wives and Lovers,Jack Jones,0
1965,Record of the Year,The Girl from Ipanema,Stan Getz & Astrud Gilberto,1
1965,Record of the Year,Downtown,Petula Clark,0
1965,Record of the Year,"Hello, Dolly!",Louis Armstrong,0
1965,Record of the Year,I Want to Hold Your Hand,The Beatles,0
1965,Record of the Year,People,Barbra Streisand,0
1966,Record of the Year,A Taste of Honey,Herb Alpert & the Tijuana Brass,1
1966,Record of the Year,The 'In' Crowd,Ramsey Lewis Trio,0
1966,Record of the Year,King of the Road,Roger Miller,0
1966,Record of the Year,The Shadow of Your Smile (Love Theme From The Sandpiper),Tony Bennett,0
1966,Record of the Year,Yesterday,The Beatles,0
1967,Record of the Year,Strangers in the Night,Frank Sinatra,1
1967,Record of the Year,Almost Persuaded,David Houston,0
1967,Record of the Year,"Monday, Monday",The Mamas and the Papas,0
1967,Record of the Year,What Now My Love,Herb Alpert & the Tijuana Brass,0
1967,Record of the Year,Winchester Cathedral,The New Vaudeville Band,0
1968,Record of the Year,"Up, Up and Away",The 5th Dimension,1
1968,Record of the Year,By the Time I Get to Phoenix,Glen Campbell,0
1968,Record of the Year,My Cup Runneth Over,Ed Ames,0
1968,Record of the Year,Ode to Billie Joe,Bobbie Gentry,0
1968,Record of the Year,Somethin' Stupid,Frank Sinatra & Nancy Sinatra,0
1969,Record of the Year,Mrs. Robinson,Simon & Garfunkel,1
1969,Record of the Year,Harper Valley PTA,Jeannie C. Riley,0
1969,Record of the Year,Hey Jude,The Beatles,0
1969,Record of the Year,Honey,Bobby Goldsboro,0
1969,Record of the Year,Wichita Lineman,Glen Campbell,0
1970,Record of the Year,Aquarius/Let the Sunshine In,The 5th Dimension,1
1970,Record of the Year,A Boy Named Sue,Johnny Cash,0
1970,Record of the Year,Is That All There Is?,Peggy Lee,0
1970,Record of the Year,Love Theme from Romeo and Juliet,Henry Mancini,0
1970,Record of the Year,Spinning Wheel,"Blood, Sweat & Tears",0
1971,Record of the Year,Bridge over Troubled Water,Simon & Garfunkel,1
1971,Record of the Year,(They Long to Be) Close to You,The Carpenters,0
1971,Record of the Year,Everything Is Beautiful,Ray Stevens,0
1971,Record of the Year,Fire and Rain,James Taylor,0
1971,Record of the Year,Let It Be,The Beatles,0
1972,Record of the Year,It's Too Late,Carole King,1
1972,Record of the Year,Joy to the World,Three Dog Night,0
1972,Record of the Year,My Sweet Lord,George Harrison,0
1972,Record of the Year,Theme from Shaft,Isaac Hayes,0
1972,Record of the Year,You've Got a Friend,James Taylor,0
1973,Record of the Year,The First Time Ever I Saw Your Face,Roberta Flack,1
1973,Record of the Year,Alone Again (Naturally),Gilbert O'Sullivan,0
1973,Record of the Year,American Pie,Don McLean,0
1973,Record of the Year,Without You,Harry Nilsson,0
1974,Record of the Year,Killing Me Softly with His Song,Roberta Flack,1
1974,Record of the Year,"Bad, Bad Leroy Brown",Jim Croce,0
1974,Record of the Year,Behind Closed Doors,Charlie Rich,0
1974,Record of the Year,You Are the Sunshine of My Life,Stevie Wonder,0
1974,Record of the Year,You're So Vain,Carly Simon,0
1975,Record of the Year,I Honestly Love You,Olivia Newton-John,1
1975,Record of the Year,Don't Let the Sun Go Down on Me,Elton John,0
1975,Record of the Year,Feel Like Makin' Love,Roberta Flack,0
1975,Record of the Year,Help Me,Joni Mitchell,0
1975,Record of the Year,Midnight at the Oasis,Maria Muldaur,0
1976,Record of the Year,Love Will Keep Us Together,Captain & Tennille,1
1976,Record of the Year,At Seventeen,Janis Ian,0
1976,Record of the Year,Lyin' Eyes,Eagles,0
1976,Record of the Year,Mandy,Barry Manilow,0
1976,Record of the Year,Rhinestone Cowboy,Glen Campbell,0
1977,Record of the Year,This Masquerade,George Benson,1
1977,Record of the Year,Afternoon Delight,Starland Vocal Band,0
1977,Record of the Year,50 Ways to Leave Your Lover,Paul Simon,0
1977,Record of the Year,I Write the Songs,Barry Manilow,0
1977,Record of the Year,If You Leave Me Now,Chicago,0
1978,Record of the Year,Hotel California,Eagles,1
1978,Record of the Year,Blue Bayou,Linda Ronstadt,0
1978,Record of the Year,Don't It Make My Brown Eyes Blue,Crystal Gayle,0
1978,Record of the Year,Evergreen (Love Theme from A Star Is Born),Barbra Streisand,0
1978,Record of the Year,You Light Up My Life,Debby Boone,0
1979,Record of the Year,Just the Way You Are,Billy Joel,1
1979,Record of the Year,Baker Street,Gerry Rafferty,0
1979,Record of the Year,Feels So Good,Chuck Mangione,0
1979,Record of the Year,Stayin' Alive,Bee Gees,0
1979,Record of the Year,You Needed Me,Anne Murray,0
1980,Record of the Year,What a Fool Believes,The Doobie Brothers,1
1980,Record of the Year,After the Love Has Gone,"Earth, Wind & Fire",0
1980,Record of the Year,The Gambler,Kenny Rogers,0
1980,Record of the Year,I Will Survive,Gloria Gaynor,0
1980,Record of the Year,You Don't Bring Me Flowers,Barbra Streisand & Neil Diamond,0
1981,Record of the Year,Sailing,Christopher Cross,1
1981,Record of the Year,Lady,Kenny Rogers,0
1981,Record of the Year,The Rose,Bette Midler,0
1981,Record of the Year,"Theme from New York, New York",Frank Sinatra,0
1981,Record of the Year,Woman in Love,Barbra Streisand,0
1982,Record of the Year,Bette Davis Eyes,Kim Carnes,1
1982,Record of the Year,Arthur's Theme (Best That You Can Do),Christopher Cross,0
1982,Record of the Year,Endless Love,Diana Ross & Lionel Richie,0
1982,Record of the Year,Just the Two of Us,Grover Washington Jr. with Bill Withers,0
1982,Record of the Year,(Just Like) Starting Over,John Lennon,0
1983,Record of the Year,Rosanna,Toto,1
1983,Record of the Year,Always on My Mind,Willie Nelson,0
1983,Record of the Year,Chariots of Fire,Vangelis,0
1983,Record of the Year,Ebony and Ivory,Paul McCartney & Stevie Wonder,0
1983,Record of the Year,Steppin' Out,Joe Jackson,0
1984,Record of the Year,Beat It,Michael Jackson,1
1984,Record of the Year,All Night Long (All Night),Lionel Richie,0
1984,Record of the Year,Every Breath You Take,The Police,0
1984,Record of the Year,Flashdance... What a Feeling,Irene Cara,0
1984,Record of the Year,Maniac,Michael Sembello,0
1985,Record of the Year,What's Love Got to Do with It,Tina Turner,1
1985,Record of the Year,Dancing in the Dark,Bruce Springsteen,0
1985,Record of the Year,Girls Just Want to Have Fun,Cyndi Lauper,0
1985,Record of the Year,Hard Habit to Break,Chicago,0
1985,Record of the Year,The Heart of Rock & Roll,Huey Lewis and the News,0
1986,Record of the Year,We Are the World,USA for Africa,1
1986,Record of the Year,Born in the U.S.A.,Bruce Springsteen,0
1986,Record of the Year,The Boys of Summer,Don Henley,0
1986,Record of the Year,Money for Nothing,Dire Straits,0
1986,Record of the Year,The Power of Love,Huey Lewis and the News,0
1987,Record of the Year,Higher Love,Steve Winwood,1
1987,Record of the Year,Addicted to Love,Robert Palmer,0
1987,Record of the Year,Greatest Love of All,Whitney Houston,0
1987,Record of the Year,Sledgehammer,Peter Gabriel,0
1987,Record of the Year,That's What Friends Are For,"Dionne Warwick & Friends (Elton John, Gladys Knight & Stevie Wonder)",0
1988,Record of the Year,Graceland,Paul Simon,1
1988,Record of the Year,Back in the High Life Again,Steve Winwood,0
1988,Record of the Year,La Bamba,Los Lobos,0
1988,Record of the Year,I Still Haven't Found What I'm Looking For,U2,0
1988,Record of the Year,Luka,Suzanne Vega,0
1989,Record of the Year,"Don't Worry, Be Happy",Bobby McFerrin,1
1989,Record of the Year,Fast Car,Tracy Chapman,0
1989,Record of the Year,Giving You the Best That I Got,Anita Baker,0
1989,Record of the Year,Man in the Mirror,Michael Jackson,0
1989,Record of the Year,Roll with It,Steve Winwood,0
1990,Record of the Year,Wind Beneath My Wings,Bette Midler,1
1990,Record of the Year,The End of the Innocence,Don Henley,0
1990,Record of the Year,The Living Years,Mike + The Mechanics,0
1990,Record of the Year,She Drives Me Crazy,Fine Young Cannibals,0
1990,Record of the Year,We Didn't Start the Fire,Billy Joel,0
1991,Record of the Year,Another Day in Paradise,Phil Collins,1
1991,Record of the Year,From a Distance,Bette Midler,0
1991,Record of the Year,Nothing Compares 2 U,Sinéad O'Connor,0
1991,Record of the Year,U Can't Touch This,MC Hammer,0
1991,Record of the Year,Vision of Love,Mariah Carey,0
1992,Record of the Year,Unforgettable,Natalie Cole (With Nat King Cole),1
1992,Record of the Year,Baby Baby,Amy Grant,0
1992,Record of the Year,(Everything I Do) I Do It for You,Bryan Adams,0
1992,Record of the Year,Losing My Religion,R.E.M.,0
1992,Record of the Year,Something to Talk About,Bonnie Raitt,0
1993,Record of the Year,Tears in Heaven,Eric Clapton,1
1993,Record of the Year,Achy Breaky Heart,Billy Ray Cyrus,0
1993,Record of the Year,Beauty and the Beast,Celine Dion & Peabo Bryson,0
1993,Record of the Year,Constant Craving,k.d. lang,0
1993,Record of the Year,Save the Best for Last,Vanessa Williams,0
1994,Record of the Year,I Will Always Love You,Whitney Houston,1
1994,Record of the Year,Harvest Moon,Neil Young,0
1994,Record of the Year,If I Ever Lose My Faith in You,Sting,0
1994,Record of the Year,The River of Dreams,Billy Joel,0
1994,Record of the Year,A Whole New World,Peabo Bryson & Regina Belle,0
1995,Record of the Year,All I Wanna Do,Sheryl Crow,1
1995,Record of the Year,He Thinks He'll Keep Her,Mary Chapin Carpenter,0
1995,Record of the Year,I'll Make Love to You,Boyz II Men,0
1995,Record of the Year,Love Sneakin' Up On You,Bonnie Raitt,0
1995,Record of the Year,Streets of Philadelphia,Bruce Springsteen,0
1996,Record of the Year,Kiss from a Rose,Seal,1
1996,Record of the Year,Gangsta's Paradise,Coolio,0
1996,Record of the Year,One of Us,Joan Osborne,0
1996,Record of the Year,One Sweet Day,Mariah Carey & Boyz II Men,0
1996,Record of the Year,Waterfalls,TLC,0
1997,Record of the Year,Change the World,Eric Clapton,1
1997,Record of the Year,1979,The Smashing Pumpkins,0
1997,Record of the Year,Because You Loved Me,Celine Dion,0
1997,Record of the Year,Give Me One Reason,Tracy Chapman,0
1997,Record of the Year,Ironic,Alanis Morissette,0
1998,Record of the Year,Sunny Came Home,Shawn Colvin,1
1998,Record of the Year,Everyday Is a Winding Road,Sheryl Crow,0
1998,Record of the Year,I Believe I Can Fly,R. Kelly,0
1998,Record of the Year,MMMBop,Hanson,0
1998,Record of the Year,Where Have All the Cowboys Gone?,Paula Cole,0
1999,Record of the Year,My Heart Will Go On,Celine Dion,1
1999,Record of the Year,The Boy Is Mine,Brandy & Monica,0
1999,Record of the Year,Iris,Goo Goo Dolls,0
1999,Record of the Year,Ray of Light,Madonna,0
1999,Record of the Year,You're Still the One,Shania Twain,0
2000,Record of the Year,Smooth,Santana featuring Rob Thomas,1
2000,Record of the Year,Believe,Cher,0
2000,Record of the Year,I Want It That Way,Backstreet Boys,0
2000,Record of the Year,Livin' la Vida Loca,Ricky Martin,0
2000,Record of the Year,No Scrubs,TLC,0
2001,Record of the Year,Beautiful Day,U2,1
2001,Record of the Year,Bye Bye Bye,*NSYNC,0
2001,Record of the Year,I Try,Macy Gray,0
2001,Record of the Year,Music,Madonna,0
2001,Record of the Year,Say My Name,Destiny's Child,0
2002,Record of the Year,Walk On,U2,1
2002,Record of the Year,Drops of Jupiter,Train,0
2002,Record of the Year,Fallin,Alicia Keys,0
2002,Record of the Year,Ms. Jackson,Outkast,0
2002,Record of the Year,Video,India.Arie,0
2003,Record of the Year,Don't Know Why,Norah Jones,1
2003,Record of the Year,Dilemma,Nelly featuring Kelly Rowland,0
2003,Record of the Year,How You Remind Me,Nickelback,0
2003,Record of the Year,A Thousand Miles,Vanessa Carlton,0
2003,Record of the Year,Without Me,Eminem,0
2004,Record of the Year,Clocks,Coldplay,1
2004,Record of the Year,Crazy in Love,Beyoncé featuring Jay-Z,0
2004,Record of the Year,Hey Ya!,Outkast,0
2004,Record of the Year,Lose Yourself,Eminem,0
2004,Record of the Year,Where Is the Love?,The Black Eyed Peas & Justin Timberlake,0
2005,Record of the Year,Here We Go Again,Ray Charles & Norah Jones,1
2005,Record of the Year,American Idiot,Green Day,0
2005,Record of the Year,Heaven,Los Lonely Boys,0
2005,Record of the Year,Let's Get It Started,The Black Eyed Peas,0
2005,Record of the Year,Yeah,Usher featuring Lil Jon & Ludacris,0
2006,Record of the Year,Boulevard of Broken Dreams,Green Day,1
2006,Record of the Year,Feel Good Inc.,Gorillaz featuring De La Soul,0
2006,Record of the Year,Gold Digger,Kanye West,0
2006,Record of the Year,Hollaback Girl,Gwen Stefani,0
2006,Record of the Year,We Belong Together,Mariah Carey,0
2007,Record of the Year,Not Ready to Make Nice,Dixie Chicks,1
2007,Record of the Year,Be Without You,Mary J. Blige,0
2007,Record of the Year,Crazy,Gnarls Barkley,0
2007,Record of the Year,Put Your Records On,Corinne Bailey Rae,0
2007,Record of the Year,You're Beautiful,James Blunt,0
2008,Record of the Year,Rehab,Amy Winehouse,1
2008,Record of the Year,Irreplaceable,Beyoncé,0
2008,Record of the Year,The Pretender,Foo Fighters,0
2008,Record of the Year,Umbrella,Rihanna featuring Jay-Z,0
2008,Record of the Year,What Goes Around... Comes Around,Justin Timberlake,0
2009,Record of the Year,Please Read the Letter,Robert Plant & Alison Krauss,1
2009,Record of the Year,Bleeding Love,Leona Lewis,0
2009,Record of the Year,Chasing Pavements,Adele,0
2009,Record of the Year,Paper Planes,M.I.A.,0
2009,Record of the Year,Viva la Vida,Coldplay,0
2010,Record of the Year,Use Somebody,Kings of Leon,1
2010,Record of the Year,Halo,Beyoncé,0
2010,Record of the Year,I Gotta Feeling,The Black Eyed Peas,0
2010,Record of the Year,Poker Face,Lady Gaga,0
2010,Record of the Year,You Belong with Me,Taylor Swift,0
2011,Record of the Year,Need You Now,Lady Antebellum,1
2011,Record of the Year,Empire State of Mind,Jay-Z featuring Alicia Keys,0
2011,Record of the Year,Fuck You,CeeLo Green,0
2011,Record of the Year,Love the Way You Lie,Eminem featuring Rihanna,0
2011,Record of the Year,Nothin' on You,B.o.B featuring Bruno Mars,0
2012,Record of the Year,Rolling in the Deep,Adele,1
2012,Record of the Year,The Cave,Mumford & Sons,0
2012,Record of the Year,Firework,Katy Perry,0
2012,Record of the Year,Grenade,Bruno Mars,0
2012,Record of the Year,Holocene,Bon Iver,0
2013,Record of the Year,Somebody That I Used to Know,Gotye featuring Kimbra,1
2013,Record of the Year,Lonely Boy,The Black Keys,0
2013,Record of the Year,Stronger (What Doesn't Kill You),Kelly Clarkson,0
2013,Record of the Year,Thinkin Bout You,Frank Ocean,0
2013,Record of the Year,We Are Never Ever Getting Back Together,Taylor Swift,0
2013,Record of the Year,We Are Young,Fun. featuring Janelle Monáe,0
2014,Record of the Year,Get Lucky,Daft Punk featuring Pharrell Williams & Nile Rodgers,1
2014,Record of the Year,Blurred Lines,Robin Thicke featuring T.I. & Pharrell Williams,0
2014,Record of the Year,Locked Out of Heaven,Bruno Mars,0
2014,Record of the Year,Radioactive,Imagine Dragons,0
2014,Record of the Year,Royals,Lorde,0
2015,Record of the Year,Stay with Me (Darkchild Version),Sam Smith,1
2015,Record of the Year,All About That Bass,Meghan Trainor,0
2015,Record of the Year,Chandelier,Sia,0
2015,Record of the Year,Fancy,Iggy Azalea featuring Charli XCX,0
2015,Record of the Year,Shake It Off,Taylor Swift,0
2016,Record of the Year,Uptown Funk,Mark Ronson featuring Bruno Mars,1
2016,Record of the Year,Blank Space,Taylor Swift,0
2016,Record of the Year,Can't Feel My Face,The Weeknd,0
2016,Record of the Year,Really Love,D'Angelo & The Vanguard,0
2016,Record of the Year,Thinking Out Loud,Ed Sheeran,0
2017,Record of the Year,Hello,Adele,1
2017,Record of the Year,7 Years,Lukas Graham,0
2017,Record of the Year,Formation,Beyoncé,0
2017,Record of the Year,Stressed Out,Twenty One Pilots,0
2018,Record of the Year,24K Magic,Bruno Mars,1
2018,Record of the Year,Despacito,Luis Fonsi & Daddy Yankee featuring Justin Bieber,0
2018,Record of the Year,Humble,Kendrick Lamar,0
2018,Record of the Year,Redbone,Childish Gambino,0
2018,Record of the Year,The Story of O.J.,Jay-Z,0
2019,Record of the Year,This Is America,Childish Gambino,1
2019,Record of the Year,All the Stars,Kendrick Lamar & SZA,0
2019,Record of the Year,God's Plan,Drake,0
2019,Record of the Year,I Like It,"Cardi B, Bad Bunny & J Balvin",0
2019,Record of the Year,The Joke,Brandi Carlile,0
2019,Record of the Year,The Middle,"Zedd, Maren Morris & Grey",0
2019,Record of the Year,Rockstar,Post Malone featuring 21 Savage,0
2019,Record of the Year,Shallow,Lady Gaga & Bradley Cooper,0
2020,Record of the Year,Bad Guy,Billie Eilish,1
2020,Record of the Year,7 Rings,Ariana Grande,0
2020,Record of the Year,Hard Place,H.E.R.,0
2020,Record of the Year,"Hey, Ma",Bon Iver,0
2020,Record of the Year,Old Town Road,Lil Nas X featuring Billy Ray Cyrus,0
2020,Record of the Year,Sunflower,Post Malone & Swae Lee,0
2020,Record of the Year,Talk,Khalid,0
2020,Record of the Year,Truth Hurts,Lizzo,0
2021,Record of the Year,Everything I Wanted,Billie Eilish,1
2021,Record of the Year,Black Parade,Beyoncé,0
2021,Record of the Year,Circles,Post Malone,0
2021,Record of the Year,Colors,Black Pumas,0
2021,Record of the Year,Don't Start Now,Dua Lipa,0
2021,Record of the Year,Rockstar,DaBaby featuring Roddy Ricch,0
2021,Record of the Year,Savage,Megan Thee Stallion featuring Beyoncé,0
2021,Record of the Year,Say So,Doja Cat,0
2022,Record of the Year,Leave the Door Open,Silk Sonic,1
2022,Record of the Year,Drivers License,Olivia Rodrigo,0
2022,Record of the Year,Freedom,Jon Batiste,0
2022,Record of the Year,Happier Than Ever,Billie Eilish,0
2022,Record of the Year,I Get a Kick Out of You,Tony Bennett & Lady Gaga,0
2022,Record of the Year,I Still Have Faith in You,ABBA,0
2022,Record of the Year,Kiss Me More,Doja Cat featuring SZA,0
2022,Record of the Year,Montero (Call Me By Your Name),Lil Nas X,0
2022,Record of the Year,Peaches,Justin Bieber featuring Daniel Caesar and Giveon,0
2022,Record of the Year,Right on Time,Brandi Carlile,0
2023,Record of the Year,About Damn Time,Lizzo,1
2023,Record of the Year,As It Was,Harry Styles,0
2023,Record of the Year,Bad Habit,Steve Lacy,0
2023,Record of the Year,Break My Soul,Beyoncé,0
2023,Record of the Year,Don't Shut Me Down,ABBA,0
2023,Record of the Year,Easy on Me,Adele,0
2023,Record of the Year,Good Morning Gorgeous,Mary J. Blige,0
2023,Record of the Year,The Heart Part 5,Kendrick Lamar,0
2023,Record of the Year,Woman,Doja Cat,0
2023,Record of the Year,You and Me on the Rock,Brandi Carlile featuring Lucius,0
2024,Record of the Year,Flowers,Miley Cyrus,1
2024,Record of the Year,Anti-Hero,Taylor Swift,0
2024,Record of the Year,Kill Bill,SZA,0
2024,Record of the Year,Not Strong Enough,Boygenius,0
2024,Record of the Year,On My Mama,Victoria Monét,0
2024,Record of the Year,Vampire,Olivia Rodrigo,0
2024,Record of the Year,What Was I Made For?,Billie Eilish,0
2024,Record of the Year,Worship,Jon Batiste,0
2025,Record of the Year,Not Like Us,Kendrick Lamar,1
2025,Record of the Year,360,Charli XCX,0
2025,Record of the Year,Birds of a Feather,Billie Eilish,0
2025,Record of the Year,Espresso,Sabrina Carpenter,0
2025,Record of the Year,Fortnight,Taylor Swift featuring Post Malone,0
2025,Record of the Year,"Good Luck, Babe!",Chappell Roan,0
2025,Record of the Year,Now and Then,The Beatles,0
2025,Record of the Year,Texas Hold 'Em,Beyoncé,0
2026,Record of the Year,Luther,Kendrick Lamar & SZA,1
2026,Record of the Year,Abracadabra,Lady Gaga,0
2026,Record of the Year,Anxiety,Doechii,0
2026,Record of the Year,APT.,Rosé & Bruno Mars,0
2026,Record of the Year,DTMF,Bad Bunny,0
2026,Record of the Year,Manchild,Sabrina Carpenter,0
2026,Record of the Year,The Subway,Chappell Roan,0
2026,Record of the Year,Wildflower,Billie Eilish,0
1959,Song of the Year,"Nel blu, dipinto di blu (Volare)",Domenico Modugno,1
1959,Song of the Year,Catch a Falling Star,Perry Como,0
1959,Song of the Year,Fever,Peggy Lee,0
1959,Song of the Year,Gigi,Louis Jourdan,0
1959,Song of the Year,Witchcraft,Frank Sinatra,0
1960,Song of the Year,The Battle of New Orleans,Johnny Horton,1
1960,Song of the Year,High Hopes,Frank Sinatra,0
1960,Song of the Year,I Know,Perry Como,0
1960,Song of the Year,Like Young,André Previn,0
1960,Song of the Year,Small World,Johnny Mathis,0
1961,Song of the Year,Theme from Exodus,Ernest Gold,1
1961,Song of the Year,He'll Have to Go,Jim Reeves,0
1961,Song of the Year,Nice 'n' Easy,Frank Sinatra,0
1961,Song of the Year,The Second Time Around,Andy Williams,0
1961,Song of the Year,Theme from A Summer Place,Percy Faith,0
1962,Song of the Year,Moon River,Henry Mancini,1
1962,Song of the Year,Big Bad John,Jimmy Dean,0
1962,Song of the Year,A Little Bitty Tear,Burl Ives,0
1962,Song of the Year,Lollipops and Roses,Jack Jones,0
1962,Song of the Year,Make Someone Happy,Various Artists,0
1963,Song of the Year,What Kind of Fool Am I?,Sammy Davis Jr.,1
1963,Song of the Year,As Long as He Needs Me,Shirley Bassey,0
1963,Song of the Year,I Left My Heart in San Francisco,Tony Bennett,0
1963,Song of the Year,My Coloring Book,Sandy Stewart,0
1963,Song of the Year,The Sweetest Sounds,Various Artists,0
1964,Song of the Year,Days of Wine and Roses,Henry Mancini,1
1964,Song of the Year,Call Me Irresponsible,Frank Sinatra,0
1964,Song of the Year,The Good Life,Tony Bennett,0
1964,Song of the Year,I Wanna Be Around,Tony Bennett,0
1964,Song of the Year,Wives and Lovers,Jack Jones,0
1965,Song of the Year,"Hello, Dolly!",Louis Armstrong,1
1965,Song of the Year,Dear Heart,Andy Williams,0
1965,Song of the Year,A Hard Day's Night,The Beatles,0
1965,Song of the Year,People,Barbra Streisand,0
1965,Song of the Year,Who Can I Turn To?,Tony Bennett,0
1966,Song of the Year,The Shadow of Your Smile,Tony Bennett,1
1966,Song of the Year,I Will Wait for You,Connie Francis,0
1966,Song of the Year,King of the Road,Roger Miller,0
1966,Song of the Year,The September of My Years,Frank Sinatra,0
1966,Song of the Year,Yesterday,The Beatles,0
1967,Song of the Year,Michelle,The Beatles,1
1967,Song of the Year,Born Free,Various Artists,0
1967,Song of the Year,The Impossible Dream,Richard Kiley,0
1967,Song of the Year,"Somewhere, My Love",Ray Conniff,0
1967,Song of the Year,Strangers in the Night,Frank Sinatra,0
1968,Song of the Year,"Up, Up, and Away",The 5th Dimension,1
1968,Song of the Year,By the Time I Get to Phoenix,Glen Campbell,0
1968,Song of the Year,Gentle on My Mind,Glen Campbell,0
1968,Song of the Year,My Cup Runneth Over,Ed Ames,0
1968,Song of the Year,Ode to Billie Joe,Bobbie Gentry,0
1969,Song of the Year,Little Green Apples,O. C. Smith,1
1969,Song of the Year,Harper Valley PTA,Jeannie C. Riley,0
1969,Song of the Year,Hey Jude,The Beatles,0
1969,Song of the Year,Honey,Bobby Goldsboro,0
1969,Song of the Year,Mrs. Robinson,Simon & Garfunkel,0
1970,Song of the Year,Games People Play,Joe South,1
1970,Song of the Year,I'll Never Fall in Love Again,Dionne Warwick,0
1970,Song of the Year,A Time for Us,Henry Mancini,0
1970,Song of the Year,Raindrops Keep Fallin' on My Head,B. J. Thomas,0
1970,Song of the Year,Spinning Wheel,"Blood, Sweat & Tears",0
1971,Song of the Year,Bridge over Troubled Water,Simon & Garfunkel,1
1971,Song of the Year,Everything Is Beautiful,Ray Stevens,0
1971,Song of the Year,Fire and Rain,James Taylor,0
1971,Song of the Year,Let It Be,The Beatles,0
1971,Song of the Year,We've Only Just Begun,The Carpenters,0
1972,Song of the Year,You've Got a Friend,James Taylor / Carole King,1
1972,Song of the Year,Help Me Make It Through the Night,Kris Kristofferson,0
1972,Song of the Year,It's Impossible,Perry Como,0
1972,Song of the Year,Me and Bobby McGee,Janis Joplin,0
1972,Song of the Year,Rose Garden,Lynn Anderson,0
1973,Song of the Year,The First Time Ever I Saw Your Face,Roberta Flack,1
1973,Song of the Year,Alone Again (Naturally),Gilbert O'Sullivan,0
1973,Song of the Year,American Pie,Don McLean,0
1973,Song of the Year,The Summer Knows,Michel Legrand,0
1974,Song of the Year,Killing Me Softly with His Song,Roberta Flack,1
1974,Song of the Year,Behind Closed Doors,Charlie Rich,0
1974,Song of the Year,Tie a Yellow Ribbon Round the Ole Oak Tree,Dawn featuring Tony Orlando,0
1974,Song of the Year,You Are the Sunshine of My Life,Stevie Wonder,0
1974,Song of the Year,You're So Vain,Carly Simon,0
1975,Song of the Year,The Way We Were,Barbra Streisand,1
1975,Song of the Year,Feel Like Makin' Love,Roberta Flack,0
1975,Song of the Year,I Honestly Love You,Olivia Newton-John,0
1975,Song of the Year,Midnight at the Oasis,Maria Muldaur,0
1975,Song of the Year,You and Me Against the World,Helen Reddy,0
1976,Song of the Year,Send in the Clowns,Judy Collins,1
1976,Song of the Year,At Seventeen,Janis Ian,0
1976,Song of the Year,Feelings,Morris Albert,0
1976,Song of the Year,Love Will Keep Us Together,Captain & Tennille,0
1976,Song of the Year,Rhinestone Cowboy,Glen Campbell,0
1977,Song of the Year,I Write the Songs,Barry Manilow,1
1977,Song of the Year,Afternoon Delight,Starland Vocal Band,0
1977,Song of the Year,Breaking Up Is Hard to Do,Neil Sedaka,0
1977,Song of the Year,This Masquerade,George Benson,0
1977,Song of the Year,The Wreck of the Edmund Fitzgerald,Gordon Lightfoot,0
1978,Song of the Year,Evergreen (Love Theme from A Star Is Born) (TIE),Barbra Streisand,1
1978,Song of the Year,You Light Up My Life (TIE),Debby Boone,1
1978,Song of the Year,Don't It Make My Brown Eyes Blue,Crystal Gayle,0
1978,Song of the Year,Hotel California,Eagles,0
1978,Song of the Year,Nobody Does It Better,Carly Simon,0
1978,Song of the Year,Southern Nights,Glen Campbell,0
1979,Song of the Year,Just the Way You Are,Billy Joel,1
1979,Song of the Year,Stayin' Alive,Bee Gees,0
1979,Song of the Year,Three Times a Lady,Commodores,0
1979,Song of the Year,You Don't Bring Me Flowers,Neil Diamond and Barbra Streisand,0
1979,Song of the Year,You Needed Me,Anne Murray,0
1980,Song of the Year,What a Fool Believes,The Doobie Brothers,1
1980,Song of the Year,After the Love Has Gone,"Earth, Wind & Fire",0
1980,Song of the Year,Chuck E.'s in Love,Rickie Lee Jones,0
1980,Song of the Year,Honesty,Billy Joel,0
1980,Song of the Year,I Will Survive,Gloria Gaynor,0
1980,Song of the Year,Minute by Minute,The Doobie Brothers,0
1980,Song of the Year,Reunited,Peaches & Herb,0
1980,Song of the Year,She Believes in Me,Kenny Rogers,0
1981,Song of the Year,Sailing,Christopher Cross,1
1981,Song of the Year,Fame,Irene Cara,0
1981,Song of the Year,Lady,Kenny Rogers,0
1981,Song of the Year,The Rose,Bette Midler,0
1981,Song of the Year,"Theme from New York, New York",Frank Sinatra,0
1981,Song of the Year,Woman in Love,Barbra Streisand,0
1982,Song of the Year,Bette Davis Eyes,Kim Carnes,1
1982,Song of the Year,Arthur's Theme (Best That You Can Do),Christopher Cross,0
1982,Song of the Year,Endless Love,Diana Ross & Lionel Richie,0
1982,Song of the Year,Just the Two of Us,Grover Washington Jr. with Bill Withers,0
1982,Song of the Year,9 to 5,Dolly Parton,0
1983,Song of the Year,Always on My Mind,Willie Nelson,1
1983,Song of the Year,Ebony and Ivory,Paul McCartney and Stevie Wonder,0
1983,Song of the Year,Eye of the Tiger,Survivor,0
1983,Song of the Year,I.G.Y. (What a Beautiful World),Donald Fagen,0
1983,Song of the Year,Rosanna,Toto,0
1984,Song of the Year,Every Breath You Take,The Police,1
1984,Song of the Year,All Night Long (All Night),Lionel Richie,0
1984,Song of the Year,Beat It,Michael Jackson,0
1984,Song of the Year,Billie Jean,Michael Jackson,0
1984,Song of the Year,Maniac,Michael Sembello,0
1985,Song of the Year,What's Love Got to Do with It,Tina Turner,1
1985,Song of the Year,Against All Odds (Take a Look at Me Now),Phil Collins,0
1985,Song of the Year,Hello,Lionel Richie,0
1985,Song of the Year,I Just Called to Say I Love You,Stevie Wonder,0
1985,Song of the Year,Time After Time,Cyndi Lauper,0
1986,Song of the Year,We Are the World,USA for Africa,1
1986,Song of the Year,The Boys of Summer,Don Henley,0
1986,Song of the Year,Everytime You Go Away,Paul Young,0
1986,Song of the Year,I Want to Know What Love Is,Foreigner,0
1986,Song of the Year,Money for Nothing,Dire Straits,0
1987,Song of the Year,That's What Friends Are For,"Dionne Warwick & Friends (Elton John, Gladys Knight and Stevie Wonder)",1
1987,Song of the Year,Addicted to Love,Robert Palmer,0
1987,Song of the Year,Graceland,Paul Simon,0
1987,Song of the Year,Higher Love,Steve Winwood,0
1987,Song of the Year,Sledgehammer,Peter Gabriel,0
1988,Song of the Year,Somewhere Out There,Linda Ronstadt and James Ingram,1
1988,Song of the Year,Didn't We Almost Have It All,Whitney Houston,0
1988,Song of the Year,I Still Haven't Found What I'm Looking For,U2,0
1988,Song of the Year,La Bamba,Los Lobos,0
1988,Song of the Year,Luka,Suzanne Vega,0
1989,Song of the Year,"Don't Worry, Be Happy",Bobby McFerrin,1
1989,Song of the Year,Be Still My Beating Heart,Sting,0
1989,Song of the Year,Fast Car,Tracy Chapman,0
1989,Song of the Year,Giving You the Best That I Got,Anita Baker,0
1989,Song of the Year,Piano in the Dark,Brenda Russell,0
1990,Song of the Year,Wind Beneath My Wings,Bette Midler,1
1990,Song of the Year,Don't Know Much,Linda Ronstadt and Aaron Neville,0
1990,Song of the Year,The End of the Innocence,Don Henley,0
1990,Song of the Year,The Living Years,Mike + The Mechanics,0
1990,Song of the Year,We Didn't Start the Fire,Billy Joel,0
1991,Song of the Year,From a Distance,Bette Midler,1
1991,Song of the Year,Another Day in Paradise,Phil Collins,0
1991,Song of the Year,Hold On,Wilson Phillips,0
1991,Song of the Year,Nothing Compares 2 U,Sinéad O'Connor,0
1991,Song of the Year,Vision of Love,Mariah Carey,0
1992,Song of the Year,Unforgettable,Natalie Cole (with Nat King Cole),1
1992,Song of the Year,Baby Baby,Amy Grant,0
1992,Song of the Year,(Everything I Do) I Do It for You,Bryan Adams,0
1992,Song of the Year,Losing My Religion,R.E.M.,0
1992,Song of the Year,Walking in Memphis,Marc Cohn,0
1993,Song of the Year,Tears in Heaven,Eric Clapton,1
1993,Song of the Year,Achy Breaky Heart,Billy Ray Cyrus,0
1993,Song of the Year,Beauty and the Beast,Celine Dion and Peabo Bryson,0
1993,Song of the Year,Constant Craving,k.d. lang,0
1993,Song of the Year,Save the Best for Last,Vanessa Williams,0
1994,Song of the Year,A Whole New World,Peabo Bryson and Regina Belle,1
1994,Song of the Year,Harvest Moon,Neil Young,0
1994,Song of the Year,I'd Do Anything for Love (But I Won't Do That),Meat Loaf,0
1994,Song of the Year,If I Ever Lose My Faith in You,Sting,0
1994,Song of the Year,The River of Dreams,Billy Joel,0
1995,Song of the Year,Streets of Philadelphia,Bruce Springsteen,1
1995,Song of the Year,All I Wanna Do,Sheryl Crow,0
1995,Song of the Year,Can You Feel the Love Tonight,Elton John,0
1995,Song of the Year,Circle of Life,Elton John,0
1995,Song of the Year,I Swear,John Michael Montgomery / All-4-One,0
1996,Song of the Year,Kiss from a Rose,Seal,1
1996,Song of the Year,One of Us,Joan Osborne,0
1996,Song of the Year,I Can Love You Like That,John Michael Montgomery / All-4-One,0
1996,Song of the Year,You Are Not Alone,Michael Jackson,0
1996,Song of the Year,You Oughta Know,Alanis Morissette,0
1997,Song of the Year,Change the World,Eric Clapton,1
1997,Song of the Year,Because You Loved Me,Celine Dion,0
1997,Song of the Year,Blue,LeAnn Rimes,0
1997,Song of the Year,Exhale (Shoop Shoop),Whitney Houston,0
1997,Song of the Year,Give Me One Reason,Tracy Chapman,0
1998,Song of the Year,Sunny Came Home,Shawn Colvin,1
1998,Song of the Year,Don't Speak,No Doubt,0
1998,Song of the Year,How Do I Live,LeAnn Rimes / Trisha Yearwood,0
1998,Song of the Year,I Believe I Can Fly,R. Kelly,0
1998,Song of the Year,Where Have All the Cowboys Gone?,Paula Cole,0
1999,Song of the Year,My Heart Will Go On,Celine Dion,1
1999,Song of the Year,I Don't Want to Miss a Thing,Aerosmith,0
1999,Song of the Year,Iris,Goo Goo Dolls,0
1999,Song of the Year,Lean on Me,Kirk Franklin,0
1999,Song of the Year,You're Still the One,Shania Twain,0
2000,Song of the Year,Smooth,Santana featuring Rob Thomas,1
2000,Song of the Year,I Want It That Way,Backstreet Boys,0
2000,Song of the Year,Livin' la Vida Loca,Ricky Martin,0
2000,Song of the Year,Unpretty,TLC,0
2000,Song of the Year,You've Got a Way,Shania Twain,0
2001,Song of the Year,Beautiful Day,U2,1
2001,Song of the Year,Breathe,Faith Hill,0
2001,Song of the Year,I Hope You Dance,Lee Ann Womack,0
2001,Song of the Year,I Try,Macy Gray,0
2001,Song of the Year,Say My Name,Destiny's Child,0
2002,Song of the Year,Fallin,Alicia Keys,1
2002,Song of the Year,Drops of Jupiter (Tell Me),Train,0
2002,Song of the Year,I'm Like a Bird,Nelly Furtado,0
2002,Song of the Year,Stuck in a Moment You Can't Get Out Of,U2,0
2002,Song of the Year,Video,India.Arie,0
2003,Song of the Year,Don't Know Why,Norah Jones,1
2003,Song of the Year,Complicated,Avril Lavigne,0
2003,Song of the Year,The Rising,Bruce Springsteen,0
2003,Song of the Year,A Thousand Miles,Vanessa Carlton,0
2003,Song of the Year,Where Were You (When the World Stopped Turning),Alan Jackson,0
2004,Song of the Year,Dance with My Father,Luther Vandross,1
2004,Song of the Year,Beautiful,Christina Aguilera,0
2004,Song of the Year,I'm with You,Avril Lavigne,0
2004,Song of the Year,Keep Me in Your Heart,Warren Zevon,0
2004,Song of the Year,Lose Yourself,Eminem,0
2005,Song of the Year,Daughters,John Mayer,1
2005,Song of the Year,If I Ain't Got You,Alicia Keys,0
2005,Song of the Year,Jesus Walks,Kanye West,0
2005,Song of the Year,Live Like You Were Dying,Tim McGraw,0
2005,Song of the Year,The Reason,Hoobastank,0
2006,Song of the Year,Sometimes You Can't Make It on Your Own,U2,1
2006,Song of the Year,Bless the Broken Road,Rascal Flatts,0
2006,Song of the Year,Devils & Dust,Bruce Springsteen,0
2006,Song of the Year,Ordinary People,John Legend,0
2006,Song of the Year,We Belong Together,Mariah Carey,0
2007,Song of the Year,Not Ready to Make Nice,Dixie Chicks,1
2007,Song of the Year,Be Without You,Mary J. Blige,0
2007,Song of the Year,"Jesus, Take the Wheel",Carrie Underwood,0
2007,Song of the Year,Put Your Records On,Corinne Bailey Rae,0
2007,Song of the Year,You're Beautiful,James Blunt,0
2008,Song of the Year,Rehab,Amy Winehouse,1
2008,Song of the Year,Before He Cheats,Carrie Underwood,0
2008,Song of the Year,Hey There Delilah,Plain White T's,0
2008,Song of the Year,Like a Star,Corinne Bailey Rae,0
2008,Song of the Year,Umbrella,Rihanna featuring Jay-Z,0
2009,Song of the Year,Viva la Vida,Coldplay,1
2009,Song of the Year,American Boy,Estelle featuring Kanye West,0
2009,Song of the Year,Chasing Pavements,Adele,0
2009,Song of the Year,I'm Yours,Jason Mraz,0
2009,Song of the Year,Love Song,Sara Bareilles,0
2010,Song of the Year,Single Ladies (Put a Ring on It),Beyoncé,1
2010,Song of the Year,Poker Face,Lady Gaga,0
2010,Song of the Year,Pretty Wings,Maxwell,0
2010,Song of the Year,Use Somebody,Kings of Leon,0
2010,Song of the Year,You Belong with Me,Taylor Swift,0
2011,Song of the Year,Need You Now,Lady Antebellum,1
2011,Song of the Year,"Beg, Steal or Borrow",Ray LaMontagne,0
2011,Song of the Year,F**k You,Cee Lo Green,0
2011,Song of the Year,The House That Built Me,Miranda Lambert,0
2011,Song of the Year,Love the Way You Lie,Eminem featuring Rihanna,0
2012,Song of the Year,Rolling in the Deep,Adele,1
2012,Song of the Year,All of the Lights,"Kanye West featuring Rihanna, Kid Cudi and Fergie",0
2012,Song of the Year,The Cave,Mumford & Sons,0
2012,Song of the Year,Grenade,Bruno Mars,0
2012,Song of the Year,Holocene,Bon Iver,0
2013,Song of the Year,We Are Young,Fun featuring Janelle Monáe,1
2013,Song of the Year,The A Team,Ed Sheeran,0
2013,Song of the Year,Adorn,Miguel,0
2013,Song of the Year,Call Me Maybe,Carly Rae Jepsen,0
2013,Song of the Year,Stronger (What Doesn't Kill You),Kelly Clarkson,0
2014,Song of the Year,Royals,Lorde,1
2014,Song of the Year,Just Give Me a Reason,Pink featuring Nate Ruess,0
2014,Song of the Year,Locked Out of Heaven,Bruno Mars,0
2014,Song of the Year,Roar,Katy Perry,0
2014,Song of the Year,Same Love,Macklemore & Ryan Lewis featuring Mary Lambert,0
2015,Song of the Year,Stay with Me (Darkchild Version),Sam Smith,1
2015,Song of the Year,All About That Bass,Meghan Trainor,0
2015,Song of the Year,Chandelier,Sia,0
2015,Song of the Year,Shake It Off,Taylor Swift,0
2015,Song of the Year,Take Me to Church,Hozier,0
2016,Song of the Year,Thinking Out Loud,Ed Sheeran,1
2016,Song of the Year,Alright,Kendrick Lamar,0
2016,Song of the Year,Blank Space,Taylor Swift,0
2016,Song of the Year,Girl Crush,Little Big Town,0
2016,Song of the Year,See You Again,Wiz Khalifa featuring Charlie Puth,0
2017,Song of the Year,Hello,Adele,1
2017,Song of the Year,Formation,Beyoncé,0
2017,Song of the Year,I Took a Pill in Ibiza,Mike Posner,0
2017,Song of the Year,Love Yourself,Justin Bieber,0
2017,Song of the Year,7 Years,Lukas Graham,0
2018,Song of the Year,That's What I Like,Bruno Mars,1
2018,Song of the Year,Despacito,Luis Fonsi and Daddy Yankee featuring Justin Bieber,0
2018,Song of the Year,4:44,Jay-Z,0
2018,Song of the Year,Issues,Julia Michaels,0
2018,Song of the Year,1-800-273-8255,Logic featuring Alessia Cara and Khalid,0
2019,Song of the Year,This Is America,Childish Gambino,1
2019,Song of the Year,All the Stars,Kendrick Lamar and SZA,0
2019,Song of the Year,Boo'd Up,Ella Mai,0
2019,Song of the Year,God's Plan,Drake,0
2019,Song of the Year,In My Blood,Shawn Mendes,0
2019,Song of the Year,The Joke,Brandi Carlile,0
2019,Song of the Year,The Middle,"Zedd, Maren Morris and Grey",0
2019,Song of the Year,Shallow,Lady Gaga and Bradley Cooper,0
2020,Song of the Year,Bad Guy,Billie Eilish,1
2020,Song of the Year,Always Remember Us This Way,Lady Gaga,0
2020,Song of the Year,Bring My Flowers Now,Tanya Tucker,0
2020,Song of the Year,Hard Place,H.E.R.,0
2020,Song of the Year,Lover,Taylor Swift,0
2020,Song of the Year,Norman Fucking Rockwell,Lana Del Rey,0
2020,Song of the Year,Someone You Loved,Lewis Capaldi,0
2020,Song of the Year,Truth Hurts,Lizzo,0
2021,Song of the Year,I Can't Breathe,H.E.R.,1
2021,Song of the Year,Black Parade,Beyoncé,0
2021,Song of the Year,The Box,Roddy Ricch,0
2021,Song of the Year,Cardigan,Taylor Swift,0
2021,Song of the Year,Circles,Post Malone,0
2021,Song of the Year,Don't Start Now,Dua Lipa,0
2021,Song of the Year,Everything I Wanted,Billie Eilish,0
2021,Song of the Year,If the World Was Ending,JP Saxe featuring Julia Michaels,0
2022,Song of the Year,Leave the Door Open,Silk Sonic,1
2022,Song of the Year,Bad Habits,Ed Sheeran,0
2022,Song of the Year,A Beautiful Noise,Alicia Keys and Brandi Carlile,0
2022,Song of the Year,Drivers License,Olivia Rodrigo,0
2022,Song of the Year,Fight for You,H.E.R.,0
2022,Song of the Year,Happier Than Ever,Billie Eilish,0
2022,Song of the Year,Kiss Me More,Doja Cat featuring SZA,0
2022,Song of the Year,Montero (Call Me by Your Name),Lil Nas X,0
2022,Song of the Year,Peaches,Justin Bieber featuring Daniel Caesar and Giveon,0
2023,Song of the Year,Just Like That,Bonnie Raitt,1
2023,Song of the Year,ABCDEFU,Gayle,0
2023,Song of the Year,About Damn Time,Lizzo,0
2023,Song of the Year,All Too Well (10 Minute Version) (The Short Film),Taylor Swift,0
2023,Song of the Year,As It Was,Harry Styles,0
2023,Song of the Year,Bad Habit,Steve Lacy,0
2023,Song of the Year,Break My Soul,Beyoncé,0
2023,Song of the Year,Easy on Me,Adele,0
2023,Song of the Year,God Did,"DJ Khaled featuring Rick Ross, Lil Wayne, Jay-Z, John Legend and Fridayy",0
2024,Song of the Year,What Was I Made For?,Billie Eilish,1
2024,Song of the Year,A&W,Lana Del Rey,0
2024,Song of the Year,Anti-Hero,Taylor Swift,0
2024,Song of the Year,Butterfly,Jon Batiste,0
2024,Song of the Year,Dance the Night,Dua Lipa,0
2024,Song of the Year,Flowers,Miley Cyrus,0
2024,Song of the Year,Kill Bill,SZA,0
2024,Song of the Year,Vampire,Olivia Rodrigo,0
2025,Song of the Year,Not Like Us,Kendrick Lamar,1
2025,Song of the Year,A Bar Song (Tipsy),Shaboozey,0
2025,Song of the Year,Birds of a Feather,Billie Eilish,0
2025,Song of the Year,Die with a Smile,Lady Gaga and Bruno Mars,0
2025,Song of the Year,Fortnight,Taylor Swift featuring Post Malone,0
2025,Song of the Year,"Good Luck, Babe!",Chappell Roan,0
2025,Song of the Year,Please Please Please,Sabrina Carpenter,0
2025,Song of the Year,Texas Hold 'Em,Beyoncé,0
2026,Song of the Year,Wildflower,Billie Eilish,1
2026,Song of the Year,Abracadabra,Lady Gaga,0
2026,Song of the Year,Anxiety,Doechii,0
2026,Song of the Year,APT.,Rosé and Bruno Mars,0
2026,Song of the Year,DTMF,Bad Bunny,0
2026,Song of the Year,Golden,"Huntrix: Ejae, Audrey Nuna and Rei Ami",0
2026,Song of the Year,Luther,Kendrick Lamar and SZA,0
2026,Song of the Year,Manchild,Sabrina Carpenter,0
2012,Best Pop Solo Performance,Someone Like You,Adele,1
2012,Best Pop Solo Performance,You and I,Lady Gaga,0
2012,Best Pop Solo Performance,Grenade,Bruno Mars,0
2012,Best Pop Solo Performance,Firework,Katy Perry,0
2012,Best Pop Solo Performance,Fuckin' Perfect,Pink,0
2013,Best Pop Solo Performance,Set Fire to the Rain (Live),Adele,1
2013,Best Pop Solo Performance,Stronger (What Doesn't Kill You),Kelly Clarkson,0
2013,Best Pop Solo Performance,Call Me Maybe,Carly Rae Jepsen,0
2013,Best Pop Solo Performance,Wide Awake,Katy Perry,0
2013,Best Pop Solo Performance,Where Have You Been,Rihanna,0
2014,Best Pop Solo Performance,Royals,Lorde,1
2014,Best Pop Solo Performance,Brave,Sara Bareilles,0
2014,Best Pop Solo Performance,When I Was Your Man,Bruno Mars,0
2014,Best Pop Solo Performance,Roar,Katy Perry,0
2014,Best Pop Solo Performance,Mirrors,Justin Timberlake,0
2015,Best Pop Solo Performance,Happy (Live),Pharrell Williams,1
2015,Best Pop Solo Performance,All of Me (Live),John Legend,0
2015,Best Pop Solo Performance,Chandelier,Sia,0
2015,Best Pop Solo Performance,Stay with Me (Darkchild version),Sam Smith,0
2015,Best Pop Solo Performance,Shake It Off,Taylor Swift,0
2016,Best Pop Solo Performance,Thinking Out Loud,Ed Sheeran,1
2016,Best Pop Solo Performance,Heartbeat Song,Kelly Clarkson,0
2016,Best Pop Solo Performance,Love Me Like You Do,Ellie Goulding,0
2016,Best Pop Solo Performance,Blank Space,Taylor Swift,0
2016,Best Pop Solo Performance,Can't Feel My Face,The Weeknd,0
2017,Best Pop Solo Performance,Hello,Adele,1
2017,Best Pop Solo Performance,Hold Up,Beyoncé,0
2017,Best Pop Solo Performance,Love Yourself,Justin Bieber,0
2017,Best Pop Solo Performance,Piece by Piece (Idol version),Kelly Clarkson,0
2017,Best Pop Solo Performance,Dangerous Woman,Ariana Grande,0
2018,Best Pop Solo Performance,Shape of You,Ed Sheeran,1
2018,Best Pop Solo Performance,Love So Soft,Kelly Clarkson,0
2018,Best Pop Solo Performance,Praying,Kesha,0
2018,Best Pop Solo Performance,Million Reasons,Lady Gaga,0
2018,Best Pop Solo Performance,What About Us,Pink,0
2019,Best Pop Solo Performance,Joanne (Where Do You Think You're Goin'?),Lady Gaga,1
2019,Best Pop Solo Performance,Colors,Beck,0
2019,Best Pop Solo Performance,Havana (Live),Camila Cabello,0
2019,Best Pop Solo Performance,God Is a Woman,Ariana Grande,0
2019,Best Pop Solo Performance,Better Now,Post Malone,0
2020,Best Pop Solo Performance,Truth Hurts,Lizzo,1
2020,Best Pop Solo Performance,Spirit,Beyoncé,0
2020,Best Pop Solo Performance,Bad Guy,Billie Eilish,0
2020,Best Pop Solo Performance,7 Rings,Ariana Grande,0
2020,Best Pop Solo Performance,You Need to Calm Down,Taylor Swift,0
2021,Best Pop Solo Performance,Watermelon Sugar,Harry Styles,1
2021,Best Pop Solo Performance,Yummy,Justin Bieber,0
2021,Best Pop Solo Performance,Say So,Doja Cat,0
2021,Best Pop Solo Performance,Everything I Wanted,Billie Eilish,0
2021,Best Pop Solo Performance,Don't Start Now,Dua Lipa,0
2021,Best Pop Solo Performance,Cardigan,Taylor Swift,0
2022,Best Pop Solo Performance,Drivers License,Olivia Rodrigo,1
2022,Best Pop Solo Performance,Anyone,Justin Bieber,0
2022,Best Pop Solo Performance,Right on Time,Brandi Carlile,0
2022,Best Pop Solo Performance,Happier Than Ever,Billie Eilish,0
2022,Best Pop Solo Performance,Positions,Ariana Grande,0
2023,Best Pop Solo Performance,Easy on Me,Adele,1
2023,Best Pop Solo Performance,Moscow Mule,Bad Bunny,0
2023,Best Pop Solo Performance,Woman,Doja Cat,0
2023,Best Pop Solo Performance,Bad Habit,Steve Lacy,0
2023,Best Pop Solo Performance,About Damn Time,Lizzo,0
2023,Best Pop Solo Performance,As It Was,Harry Styles,0
2024,Best Pop Solo Performance,Flowers,Miley Cyrus,1
2024,Best Pop Solo Performance,Paint the Town Red,Doja Cat,0
2024,Best Pop Solo Performance,What Was I Made For?,Billie Eilish,0
2024,Best Pop Solo Performance,Vampire,Olivia Rodrigo,0
2024,Best Pop Solo Performance,Anti-Hero,Taylor Swift,0
2025,Best Pop Solo Performance,Espresso,Sabrina Carpenter,1
2025,Best Pop Solo Performance,Bodyguard,Beyoncé,0
2025,Best Pop Solo Performance,Apple,Charli XCX,0
2025,Best Pop Solo Performance,Birds of a Feather,Billie Eilish,0
2025,Best Pop Solo Performance,"Good Luck, Babe!",Chappell Roan,0
2026,Best Pop Solo Performance,Messy,Lola Young,1
2026,Best Pop Solo Performance,Daisies,Justin Bieber,0
2026,Best Pop Solo Performance,Manchild,Sabrina Carpenter,0
2026,Best Pop Solo Performance,Disease,Lady Gaga,0
2026,Best Pop Solo Performance,The Subway,Chappell Roan,0
2012,Best Pop Duo/Group Performance,Body and Soul,Tony Bennett and Amy Winehouse,1
2012,Best Pop Duo/Group Performance,Dearest,The Black Keys,0
2012,Best Pop Duo/Group Performance,Paradise,Coldplay,0
2012,Best Pop Duo/Group Performance,Pumped Up Kicks,Foster the People,0
2012,Best Pop Duo/Group Performance,Moves Like Jagger,Maroon 5 featuring Christina Aguilera,0
2013,Best Pop Duo/Group Performance,Somebody That I Used to Know,Gotye featuring Kimbra,1
2013,Best Pop Duo/Group Performance,Shake It Out,Florence and the Machine,0
2013,Best Pop Duo/Group Performance,We Are Young,Fun featuring Janelle Monáe,0
2013,Best Pop Duo/Group Performance,Sexy and I Know It,LMFAO,0
2013,Best Pop Duo/Group Performance,Payphone,Maroon 5 featuring Wiz Khalifa,0
2014,Best Pop Duo/Group Performance,Get Lucky,Daft Punk featuring Pharrell Williams and Nile Rodgers,1
2014,Best Pop Duo/Group Performance,Just Give Me a Reason,Pink featuring Nate Ruess,0
2014,Best Pop Duo/Group Performance,Stay,Rihanna featuring Mikky Ekko,0
2014,Best Pop Duo/Group Performance,Blurred Lines,Robin Thicke featuring T.I. and Pharrell Williams,0
2014,Best Pop Duo/Group Performance,Suit & Tie,Justin Timberlake featuring Jay-Z,0
2015,Best Pop Duo/Group Performance,Say Something,A Great Big World and Christina Aguilera,1
2015,Best Pop Duo/Group Performance,Fancy,Iggy Azalea featuring Charli XCX,0
2015,Best Pop Duo/Group Performance,A Sky Full of Stars,Coldplay,0
2015,Best Pop Duo/Group Performance,Bang Bang,"Jessie J, Ariana Grande and Nicki Minaj",0
2015,Best Pop Duo/Group Performance,Dark Horse,Katy Perry featuring Juicy J,0
2016,Best Pop Duo/Group Performance,Uptown Funk,Mark Ronson featuring Bruno Mars,1
2016,Best Pop Duo/Group Performance,Ship to Wreck,Florence and the Machine,0
2016,Best Pop Duo/Group Performance,See You Again,Wiz Khalifa featuring Charlie Puth,0
2016,Best Pop Duo/Group Performance,Sugar,Maroon 5,0
2016,Best Pop Duo/Group Performance,Bad Blood,Taylor Swift featuring Kendrick Lamar,0
2017,Best Pop Duo/Group Performance,Stressed Out,Twenty One Pilots,1
2017,Best Pop Duo/Group Performance,Closer,The Chainsmokers featuring Halsey,0
2017,Best Pop Duo/Group Performance,7 Years,Lukas Graham,0
2017,Best Pop Duo/Group Performance,Cheap Thrills,Sia featuring Sean Paul,0
2018,Best Pop Duo/Group Performance,Feel It Still,Portugal. The Man,1
2018,Best Pop Duo/Group Performance,Something Just like This,The Chainsmokers and Coldplay,0
2018,Best Pop Duo/Group Performance,Despacito,Luis Fonsi and Daddy Yankee featuring Justin Bieber,0
2018,Best Pop Duo/Group Performance,Thunder,Imagine Dragons,0
2018,Best Pop Duo/Group Performance,Stay,Zedd and Alessia Cara,0
2019,Best Pop Duo/Group Performance,Shallow,Lady Gaga and Bradley Cooper,1
2019,Best Pop Duo/Group Performance,Fall in Line,Christina Aguilera featuring Demi Lovato,0
2019,Best Pop Duo/Group Performance,Don't Go Breaking My Heart,Backstreet Boys,0
2019,Best Pop Duo/Group Performance,S Wonderful,Tony Bennett and Diana Krall,0
2019,Best Pop Duo/Group Performance,Girls Like You,Maroon 5 featuring Cardi B,0
2019,Best Pop Duo/Group Performance,Say Something,Justin Timberlake featuring Chris Stapleton,0
2019,Best Pop Duo/Group Performance,The Middle,"Zedd, Maren Morris and Grey",0
2020,Best Pop Duo/Group Performance,Old Town Road,Lil Nas X featuring Billy Ray Cyrus,1
2020,Best Pop Duo/Group Performance,Boyfriend,Ariana Grande and Social House,0
2020,Best Pop Duo/Group Performance,Sucker,Jonas Brothers,0
2020,Best Pop Duo/Group Performance,Sunflower,Post Malone and Swae Lee,0
2020,Best Pop Duo/Group Performance,Señorita,Shawn Mendes and Camila Cabello,0
2021,Best Pop Duo/Group Performance,Rain on Me,Lady Gaga and Ariana Grande,1
2021,Best Pop Duo/Group Performance,Un Día (One Day),"J Balvin, Dua Lipa, Bad Bunny and Tainy",0
2021,Best Pop Duo/Group Performance,Intentions,Justin Bieber featuring Quavo,0
2021,Best Pop Duo/Group Performance,Dynamite,BTS,0
2021,Best Pop Duo/Group Performance,Exile,Taylor Swift featuring Bon Iver,0
2022,Best Pop Duo/Group Performance,Kiss Me More,Doja Cat featuring SZA,1
2022,Best Pop Duo/Group Performance,I Get a Kick Out of You,Tony Bennett and Lady Gaga,0
2022,Best Pop Duo/Group Performance,Lonely,Justin Bieber and Benny Blanco,0
2022,Best Pop Duo/Group Performance,Butter,BTS,0
2022,Best Pop Duo/Group Performance,Higher Power,Coldplay,0
2023,Best Pop Duo/Group Performance,Unholy,Sam Smith and Kim Petras,1
2023,Best Pop Duo/Group Performance,Don't Shut Me Down,ABBA,0
2023,Best Pop Duo/Group Performance,Bam Bam,Camila Cabello featuring Ed Sheeran,0
2023,Best Pop Duo/Group Performance,My Universe,Coldplay and BTS,0
2023,Best Pop Duo/Group Performance,I Like You (A Happier Song),Post Malone and Doja Cat,0
2024,Best Pop Duo/Group Performance,Ghost in the Machine,SZA featuring Phoebe Bridgers,1
2024,Best Pop Duo/Group Performance,Thousand Miles,Miley Cyrus featuring Brandi Carlile,0
2024,Best Pop Duo/Group Performance,Candy Necklace,Lana Del Rey featuring Jon Batiste,0
2024,Best Pop Duo/Group Performance,Never Felt So Alone,Labrinth featuring Billie Eilish,0
2024,Best Pop Duo/Group Performance,Karma,Taylor Swift featuring Ice Spice,0
2025,Best Pop Duo/Group Performance,Die with a Smile,Lady Gaga and Bruno Mars,1
2025,Best Pop Duo/Group Performance,Us.,Gracie Abrams featuring Taylor Swift,0
2025,Best Pop Duo/Group Performance,Levii's Jeans,Beyoncé featuring Post Malone,0
2025,Best Pop Duo/Group Performance,Guess,Charli XCX featuring Billie Eilish,0
2025,Best Pop Duo/Group Performance,The Boy Is Mine,"Ariana Grande, Brandy and Monica",0
2026,Best Pop Duo/Group Performance,Defying Gravity,Cynthia Erivo and Ariana Grande,1
2026,Best Pop Duo/Group Performance,Golden,"Huntrix: Ejae, Audrey Nuna and Rei Ami",0
2026,Best Pop Duo/Group Performance,Gabriela,Katseye,0
2026,Best Pop Duo/Group Performance,APT.,Rosé and Bruno Mars,0
2026,Best Pop Duo/Group Performance,30 for 30,SZA featuring Kendrick Lamar,0
1992,Best Rock Song,The Soul Cages,Sting,1
1992,Best Rock Song,Been Caught Stealing,Jane's Addiction,0
1992,Best Rock Song,Can't Stop This Thing We Started,Bryan Adams,0
1992,Best Rock Song,Enter Sandman,Metallica,0
1992,Best Rock Song,Learning to Fly,Tom Petty and the Heartbreakers,0
1992,Best Rock Song,Silent Lucidity,Queensrÿche,0
1993,Best Rock Song,Layla (Unplugged Version),Eric Clapton,1
1993,Best Rock Song,Digging in the Dirt,Peter Gabriel,0
1993,Best Rock Song,Human Touch,Bruce Springsteen,0
1993,Best Rock Song,Jeremy,Pearl Jam,0
1993,Best Rock Song,Smells Like Teen Spirit,Nirvana,0
1994,Best Rock Song,Runaway Train,Soul Asylum,1
1994,Best Rock Song,Are You Gonna Go My Way,Lenny Kravitz,0
1994,Best Rock Song,Cryin,Aerosmith,0
1994,Best Rock Song,I'd Do Anything for Love (But I Won't Do That),Meat Loaf,0
1994,Best Rock Song,Livin' on the Edge,Aerosmith,0
1995,Best Rock Song,Streets of Philadelphia,Bruce Springsteen,1
1995,Best Rock Song,All Apologies,Nirvana,0
1995,Best Rock Song,Black Hole Sun,Soundgarden,0
1995,Best Rock Song,Come to My Window,Melissa Etheridge,0
1995,Best Rock Song,I'm the Only One,Melissa Etheridge,0
1996,Best Rock Song,You Oughta Know,Alanis Morissette,1
1996,Best Rock Song,Dignity,Bob Dylan,0
1996,Best Rock Song,Downtown,Neil Young,0
1996,Best Rock Song,"Hold Me, Thrill Me, Kiss Me, Kill Me",U2,0
1996,Best Rock Song,Hurt,Nine Inch Nails,0
1997,Best Rock Song,Give Me One Reason,Tracy Chapman,1
1997,Best Rock Song,Cry Love,John Hiatt,0
1997,Best Rock Song,6th Avenue Heartache,The Wallflowers,0
1997,Best Rock Song,Stupid Girl,Garbage,0
1997,Best Rock Song,Too Much,Dave Matthews Band,0
1997,Best Rock Song,Wonderwall,Oasis,0
1998,Best Rock Song,One Headlight,The Wallflowers,1
1998,Best Rock Song,Bitch,Meredith Brooks,0
1998,Best Rock Song,Crash into Me,Dave Matthews Band,0
1998,Best Rock Song,Criminal,Fiona Apple,0
1998,Best Rock Song,The Difference,The Wallflowers,0
1999,Best Rock Song,Uninvited,Alanis Morissette,1
1999,Best Rock Song,Bitter Sweet Symphony,The Verve,0
1999,Best Rock Song,Celebrity Skin,Hole,0
1999,Best Rock Song,Closing Time,Semisonic,0
1999,Best Rock Song,Have a Little Faith in Me,John Hiatt,0
2000,Best Rock Song,Scar Tissue,Red Hot Chili Peppers,1
2000,Best Rock Song,Angels Would Fall,Melissa Etheridge,0
2000,Best Rock Song,The Promise,Bruce Springsteen,0
2000,Best Rock Song,Room at the Top,Tom Petty and the Heartbreakers,0
2000,Best Rock Song,Special,Garbage,0
2001,Best Rock Song,With Arms Wide Open,Creed,1
2001,Best Rock Song,Again,Lenny Kravitz,0
2001,Best Rock Song,Bent,Matchbox Twenty,0
2001,Best Rock Song,Californication,Red Hot Chili Peppers,0
2001,Best Rock Song,Kryptonite,3 Doors Down,0
2002,Best Rock Song,Drops of Jupiter (Tell Me),Train,1
2002,Best Rock Song,Elevation,U2,0
2002,Best Rock Song,Jaded,Aerosmith,0
2002,Best Rock Song,Walk On,U2,0
2002,Best Rock Song,Yellow,Coldplay,0
2003,Best Rock Song,The Rising,Bruce Springsteen,1
2003,Best Rock Song,All My Life,Foo Fighters,0
2003,Best Rock Song,Hero,Chad Kroeger featuring Josey Scott,0
2003,Best Rock Song,I Stand Alone,Godsmack,0
2003,Best Rock Song,When I'm Gone,3 Doors Down,0
2004,Best Rock Song,Seven Nation Army,The White Stripes,1
2004,Best Rock Song,Bring Me to Life,Evanescence,0
2004,Best Rock Song,Calling All Angels,Train,0
2004,Best Rock Song,Disorder in the House,Bruce Springsteen and Warren Zevon,0
2004,Best Rock Song,Someday,Nickelback,0
2005,Best Rock Song,Vertigo,U2,1
2005,Best Rock Song,American Idiot,Green Day,0
2005,Best Rock Song,Fall to Pieces,Velvet Revolver,0
2005,Best Rock Song,Float On,Modest Mouse,0
2005,Best Rock Song,Somebody Told Me,The Killers,0
2006,Best Rock Song,City of Blinding Lights,U2,1
2006,Best Rock Song,Best of You,Foo Fighters,0
2006,Best Rock Song,Beverly Hills,Weezer,0
2006,Best Rock Song,Devils & Dust,Bruce Springsteen,0
2006,Best Rock Song,Speed of Sound,Coldplay,0
2007,Best Rock Song,Dani California,Red Hot Chili Peppers,1
2007,Best Rock Song,Chasing Cars,Snow Patrol,0
2007,Best Rock Song,Lookin' for a Leader,Neil Young,0
2007,Best Rock Song,Someday Baby,Bob Dylan,0
2007,Best Rock Song,When You Were Young,The Killers,0
2008,Best Rock Song,Radio Nowhere,Bruce Springsteen,1
2008,Best Rock Song,Come On,Lucinda Williams,0
2008,Best Rock Song,Icky Thump,The White Stripes,0
2008,Best Rock Song,It's Not Over,Daughtry,0
2008,Best Rock Song,The Pretender,Foo Fighters,0
2009,Best Rock Song,Girls in Their Summer Clothes,Bruce Springsteen,1
2009,Best Rock Song,House of Cards,Radiohead,0
2009,Best Rock Song,I Will Possess Your Heart,Death Cab for Cutie,0
2009,Best Rock Song,Sex on Fire,Kings of Leon,0
2009,Best Rock Song,Violet Hill,Coldplay,0
2010,Best Rock Song,Use Somebody,Kings of Leon,1
2010,Best Rock Song,The Fixer,Pearl Jam,0
2010,Best Rock Song,I'll Go Crazy If I Don't Go Crazy Tonight,U2,0
2010,Best Rock Song,21 Guns,Green Day,0
2011,Best Rock Song,Angry World,Neil Young,1
2011,Best Rock Song,Little Lion Man,Mumford & Sons,0
2011,Best Rock Song,Radioactive,Kings of Leon,0
2011,Best Rock Song,Resistance,Muse,0
2011,Best Rock Song,Tighten Up,The Black Keys,0
2012,Best Rock Song,Walk,Foo Fighters,1
2012,Best Rock Song,The Cave,Mumford & Sons,0
2012,Best Rock Song,Every Teardrop Is a Waterfall,Coldplay,0
2012,Best Rock Song,Down by the Water,The Decemberists,0
2012,Best Rock Song,Lotus Flower,Radiohead,0
2013,Best Rock Song,Lonely Boy,The Black Keys,1
2013,Best Rock Song,Freedom at 21,Jack White,0
2013,Best Rock Song,I Will Wait,Mumford & Sons,0
2013,Best Rock Song,Madness,Muse,0
2013,Best Rock Song,We Take Care of Our Own,Bruce Springsteen,0
2014,Best Rock Song,Cut Me Some Slack,Paul McCartney and Nirvana,1
2014,Best Rock Song,Ain't Messin 'Round,Gary Clark Jr.,0
2014,Best Rock Song,Doom and Gloom,The Rolling Stones,0
2014,Best Rock Song,God Is Dead?,Black Sabbath,0
2014,Best Rock Song,Panic Station,Muse,0
2015,Best Rock Song,Ain't It Fun,Paramore,1
2015,Best Rock Song,Blue Moon,Beck,0
2015,Best Rock Song,Fever,The Black Keys,0
2015,Best Rock Song,Gimme Something Good,Ryan Adams,0
2015,Best Rock Song,Lazaretto,Jack White,0
2016,Best Rock Song,Don't Wanna Fight,Alabama Shakes,1
2016,Best Rock Song,Ex's & Oh's,Elle King,0
2016,Best Rock Song,Hold Back the River,James Bay,0
2016,Best Rock Song,Lydia,Highly Suspect,0
2016,Best Rock Song,What Kind of Man,Florence + the Machine,0
2017,Best Rock Song,Blackstar,David Bowie,1
2017,Best Rock Song,Burn the Witch,Radiohead,0
2017,Best Rock Song,Hardwired,Metallica,0
2017,Best Rock Song,Heathens,Twenty One Pilots,0
2017,Best Rock Song,My Name Is Human,Highly Suspect,0
2018,Best Rock Song,Run,Foo Fighters,1
2018,Best Rock Song,"Atlas, Rise!",Metallica,0
2018,Best Rock Song,Blood in the Cut,K.Flay,0
2018,Best Rock Song,Go to War,Nothing More,0
2018,Best Rock Song,The Stage,Avenged Sevenfold,0
2019,Best Rock Song,Masseduction,St. Vincent,1
2019,Best Rock Song,Black Smoke Rising,Greta Van Fleet,0
2019,Best Rock Song,Jumpsuit,Twenty One Pilots,0
2019,Best Rock Song,Mantra,Bring Me the Horizon,0
2019,Best Rock Song,Rats,Ghost,0
2020,Best Rock Song,This Land,Gary Clark Jr.,1
2020,Best Rock Song,Fear Inoculum,Tool,0
2020,Best Rock Song,Give Yourself a Try,The 1975,0
2020,Best Rock Song,Harmony Hall,Vampire Weekend,0
2020,Best Rock Song,History Repeats,Brittany Howard,0
2021,Best Rock Song,Stay High,Brittany Howard,1
2021,Best Rock Song,Kyoto,Phoebe Bridgers,0
2021,Best Rock Song,Lost in Yesterday,Tame Impala,0
2021,Best Rock Song,Not,Big Thief,0
2021,Best Rock Song,Shameika,Fiona Apple,0
2022,Best Rock Song,Waiting on a War,Foo Fighters,1
2022,Best Rock Song,All My Favorite Songs,Weezer,0
2022,Best Rock Song,The Bandit,Kings of Leon,0
2022,Best Rock Song,Distance,Mammoth WVH,0
2022,Best Rock Song,Find My Way,Paul McCartney,0
2023,Best Rock Song,Broken Horses,Brandi Carlile,1
2023,Best Rock Song,Black Summer,Red Hot Chili Peppers,0
2023,Best Rock Song,Blackout,Turnstile,0
2023,Best Rock Song,Harmonia's Dream,The War On Drugs,0
2023,Best Rock Song,Patient Number 9,Ozzy Osbourne featuring Jeff Beck,0
2024,Best Rock Song,Not Strong Enough,Boygenius,1
2024,Best Rock Song,Angry,The Rolling Stones,0
2024,Best Rock Song,Ballad of a Homeschooled Girl,Olivia Rodrigo,0
2024,Best Rock Song,Emotion Sickness,Queens of the Stone Age,0
2024,Best Rock Song,Rescued,Foo Fighters,0
2024,Best Rock Song,Broken Man,St. Vincent,1
2024,Best Rock Song,Beautiful People (Stay High),The Black Keys,0
2024,Best Rock Song,Dark Matter,Pearl Jam,0
2024,Best Rock Song,Dilemma,Green Day,0
2024,Best Rock Song,Gift Horse,IDLES,0
2026,Best Rock Song,As Alive as You Need Me to Be,Nine Inch Nails,1
2026,Best Rock Song,Caramel,Sleep Token,0
2026,Best Rock Song,Glum,Hayley Williams,0
2026,Best Rock Song,Never Enough,Turnstile,0
2026,Best Rock Song,Zombie,Yungblud,0
2012,Best Rock Performance,Walk,Foo Fighters,1
2012,Best Rock Performance,Every Teardrop Is a Waterfall,Coldplay,0
2012,Best Rock Performance,Down by the Water,The Decemberists,0
2012,Best Rock Performance,The Cave,Mumford & Sons,0
2012,Best Rock Performance,Lotus Flower,Radiohead,0
2013,Best Rock Performance,Lonely Boy,The Black Keys,1
2013,Best Rock Performance,Hold On,Alabama Shakes,0
2013,Best Rock Performance,Charlie Brown,Coldplay,0
2013,Best Rock Performance,I Will Wait,Mumford & Sons,0
2013,Best Rock Performance,We Take Care of Our Own,Bruce Springsteen,0
2014,Best Rock Performance,Radioactive,Imagine Dragons,1
2014,Best Rock Performance,Always Alright,Alabama Shakes,0
2014,Best Rock Performance,The Stars (Are Out Tonight),David Bowie,0
2014,Best Rock Performance,Kashmir (Live),Led Zeppelin,0
2014,Best Rock Performance,My God Is the Sun,Queens of the Stone Age,0
2014,Best Rock Performance,I'm Shakin,Jack White,0
2015,Best Rock Performance,Lazaretto,Jack White,1
2015,Best Rock Performance,Gimme Something Good,Ryan Adams,0
2015,Best Rock Performance,Do I Wanna Know?,Arctic Monkeys,0
2015,Best Rock Performance,Blue Moon,Beck,0
2015,Best Rock Performance,Fever,The Black Keys,0
2016,Best Rock Performance,Don't Wanna Fight,Alabama Shakes,1
2016,Best Rock Performance,What Kind of Man,Florence + The Machine,0
2016,Best Rock Performance,Something from Nothing,Foo Fighters,0
2016,Best Rock Performance,Ex's & Oh's,Elle King,0
2016,Best Rock Performance,Moaning Lisa Smile,Wolf Alice,0
2017,Best Rock Performance,Blackstar,David Bowie,1
2017,Best Rock Performance,Joe (Live from Austin City Limits),Alabama Shakes,0
2017,Best Rock Performance,Don't Hurt Yourself,Beyoncé featuring Jack White,0
2017,Best Rock Performance,The Sound of Silence,Disturbed,0
2017,Best Rock Performance,Heathens,Twenty One Pilots,0
2018,Best Rock Performance,You Want It Darker,Leonard Cohen,1
2018,Best Rock Performance,The Promise,Chris Cornell,0
2018,Best Rock Performance,Run,Foo Fighters,0
2018,Best Rock Performance,No Good,Kaleo,0
2018,Best Rock Performance,Go to War,Nothing More,0
2019,Best Rock Performance,When Bad Does Good,Chris Cornell,1
2019,Best Rock Performance,Four Out of Five,Arctic Monkeys,0
2019,Best Rock Performance,Made an America,The Fever 333,0
2019,Best Rock Performance,Highway Tune,Greta Van Fleet,0
2019,Best Rock Performance,Uncomfortable,Halestorm,0
2020,Best Rock Performance,This Land,Gary Clark Jr.,1
2020,Best Rock Performance,Pretty Waste,Bones UK,0
2020,Best Rock Performance,History Repeats,Brittany Howard,0
2020,Best Rock Performance,Woman,Karen O and Danger Mouse,0
2020,Best Rock Performance,Too Bad,Rival Sons,0
2021,Best Rock Performance,Shameika,Fiona Apple,1
2021,Best Rock Performance,Not,Big Thief,0
2021,Best Rock Performance,Kyoto,Phoebe Bridgers,0
2021,Best Rock Performance,The Steps,Haim,0
2021,Best Rock Performance,Stay High,Brittany Howard,0
2021,Best Rock Performance,Daylight,Grace Potter,0
2022,Best Rock Performance,Making a Fire,Foo Fighters,1
2022,Best Rock Performance,Shot in the Dark,AC/DC,0
2022,Best Rock Performance,Know You Better (Live from Capitol Studio A),Black Pumas,0
2022,Best Rock Performance,Nothing Compares 2 U,Chris Cornell,0
2022,Best Rock Performance,Ohms,Deftones,0
2023,Best Rock Performance,Broken Horses,Brandi Carlile,1
2023,Best Rock Performance,So Happy It Hurts,Bryan Adams,0
2023,Best Rock Performance,Old Man,Beck,0
2023,Best Rock Performance,Wild Child,The Black Keys,0
2023,Best Rock Performance,Crawl!,IDLES,0
2023,Best Rock Performance,Patient Number 9,Ozzy Osbourne featuring Jeff Beck,0
2023,Best Rock Performance,Holiday,Turnstile,0
2024,Best Rock Performance,Not Strong Enough,Boygenius,1
2024,Best Rock Performance,Sculptures of Anything Goes,Arctic Monkeys,0
2024,Best Rock Performance,More Than a Love Song,Black Pumas,0
2024,Best Rock Performance,Rescued,Foo Fighters,0
2024,Best Rock Performance,Lux Æterna,Metallica,0
2025,Best Rock Performance,Now and Then,The Beatles,1
2025,Best Rock Performance,Beautiful People (Stay High),The Black Keys,0
2025,Best Rock Performance,The American Dream Is Killing Me,Green Day,0
2025,Best Rock Performance,Gift Horse,Idles,0
2025,Best Rock Performance,Dark Matter,Pearl Jam,0
2025,Best Rock Performance,Broken Man,St. Vincent,0
2026,Best Rock Performance,Changes (Live from Villa Park) Back to the Beginning,"Yungblud featuring Nuno Bettencourt, Frank Bello, Adam Wakeman and II of Sleep Token",1
2026,Best Rock Performance,U Should Not Be Doing That,Amyl and the Sniffers,0
2026,Best Rock Performance,The Emptiness Machine,Linkin Park,0
2026,Best Rock Performance,Never Enough,Turnstile,0
2026,Best Rock Performance,Mirtazapine,Hayley Williams,0
1969,Best R&B Song,(Sittin' On) The Dock of the Bay,Otis Redding,1
1969,Best R&B Song,Chain of Fools,Aretha Franklin,0
1969,Best R&B Song,I Wish It Would Rain,The Temptations,0
1969,Best R&B Song,Pickin' Wild Mountain Berries,Peggy Scott and Jo Jo Benson,0
1969,Best R&B Song,Who's Making Love,Johnnie Taylor,0
1970,Best R&B Song,Color Him Father,The Winstons,1
1970,Best R&B Song,Backfield in Motion,Mel & Tim,0
1970,Best R&B Song,I'd Rather Be an Old Man's Sweetheart,Candi Staton,0
1970,Best R&B Song,It's Your Thing,The Isley Brothers,0
1970,Best R&B Song,Only the Strong Survive,Jerry Butler,0
1971,Best R&B Song,Patches,Clarence Carter,1
1971,Best R&B Song,Didn't I (Blow Your Mind This Time),The Delfonics,0
1971,Best R&B Song,Groovy Situation,Gene Chandler,0
1971,Best R&B Song,"Signed, Sealed, Delivered",Stevie Wonder,0
1971,Best R&B Song,Somebody's Been Sleeping,100 Proof,0
1972,Best R&B Song,Ain't No Sunshine,Bill Withers,1
1972,Best R&B Song,If I Were Your Woman,Gladys Knight and the Pips,0
1972,Best R&B Song,Mr. Big Stuff,Jean Knight,0
1972,Best R&B Song,Never Can Say Goodbye,Isaac Hayes / The Jackson 5,0
1972,Best R&B Song,Smiling Faces Sometimes,The Undisputed Truth,0
1973,Best R&B Song,Papa Was a Rollin' Stone,The Temptations,1
1973,Best R&B Song,Back Stabbers,The O'Jays,0
1973,Best R&B Song,Everybody Plays the Fool,The Main Ingredient,0
1973,Best R&B Song,Freddie's Dead,Curtis Mayfield,0
1973,Best R&B Song,Me and Mrs. Jones,Billy Paul,0
1974,Best R&B Song,Superstition,Stevie Wonder,1
1974,Best R&B Song,The Cisco Kid,War,0
1974,Best R&B Song,Family Affair,Sly and the Family Stone,0
1974,Best R&B Song,Love Train,The O'Jays,0
1974,Best R&B Song,Midnight Train to Georgia,Gladys Knight and the Pips,0
1975,Best R&B Song,Living for the City,Stevie Wonder,1
1975,Best R&B Song,Dancing Machine,The Jackson 5,0
1975,Best R&B Song,For the Love of Money,The O'Jays,0
1975,Best R&B Song,Rock Your Baby,George McCrae,0
1975,Best R&B Song,Tell Me Something Good,Rufus,0
1976,Best R&B Song,Where Is the Love,Betty Wright,1
1976,Best R&B Song,Ease On down the Road,Diana Ross and Michael Jackson,0
1976,Best R&B Song,Get Down Tonight,KC and the Sunshine Band,0
1976,Best R&B Song,That's the Way (I Like It),KC and the Sunshine Band,0
1976,Best R&B Song,Walking in Rhythm,The Blackbyrds,0
1977,Best R&B Song,Lowdown,Boz Scaggs,1
1977,Best R&B Song,Disco Lady,Johnnie Taylor,0
1977,Best R&B Song,Love Hangover,Diana Ross,0
1977,Best R&B Song,Misty Blue,Dorothy Moore,0
1977,Best R&B Song,"(Shake, Shake, Shake) Shake Your Booty",KC and the Sunshine Band,0
1978,Best R&B Song,You Make Me Feel Like Dancing,Leo Sayer,1
1978,Best R&B Song,Best of My Love,The Emotions,0
1978,Best R&B Song,Brick House,Commodores,0
1978,Best R&B Song,Don't Leave Me This Way,Thelma Houston,0
1978,Best R&B Song,Easy,Commodores,0
1979,Best R&B Song,Last Dance,Donna Summer,1
1979,Best R&B Song,Boogie Oogie Oogie,A Taste of Honey,0
1979,Best R&B Song,"Dance, Dance, Dance",Chic,0
1979,Best R&B Song,Fantasy,"Earth, Wind & Fire",0
1979,Best R&B Song,Use Ta Be My Girl,The O'Jays,0
1980,Best R&B Song,After the Love Has Gone,"Earth, Wind & Fire",1
1980,Best R&B Song,Ain't No Stoppin' Us Now,McFadden & Whitehead,0
1980,Best R&B Song,Deja Vu,Dionne Warwick,0
1980,Best R&B Song,Reunited,Peaches & Herb,0
1980,Best R&B Song,We Are Family,Sister Sledge,0
1981,Best R&B Song,Never Knew Love Like This Before,Stephanie Mills,1
1981,Best R&B Song,Give Me the Night,George Benson,0
1981,Best R&B Song,Let's Get Serious,Jermaine Jackson,0
1981,Best R&B Song,Shining Star,The Manhattans,0
1981,Best R&B Song,Upside Down,Diana Ross,0
1982,Best R&B Song,Just the Two of Us,Grover Washington Jr. and Bill Withers,1
1982,Best R&B Song,Ai No Corrida,Quincy Jones and Dune,0
1982,Best R&B Song,Lady (You Bring Me Up),Commodores,0
1982,Best R&B Song,"She's a Bad Mama Jama (She's Built, She's Stacked)",Carl Carlton,0
1982,Best R&B Song,When She Was My Girl,Four Tops,0
1983,Best R&B Song,Turn Your Love Around,George Benson,1
1983,Best R&B Song,Do I Do,Stevie Wonder,0
1983,Best R&B Song,It's Gonna Take a Miracle,Deniece Williams,0
1983,Best R&B Song,Let It Whip,Dazz Band,0
1983,Best R&B Song,Sexual Healing,Marvin Gaye,0
1983,Best R&B Song,That Girl,Stevie Wonder,0
1984,Best R&B Song,Billie Jean,Michael Jackson,1
1984,Best R&B Song,Ain't Nobody,Rufus and Chaka Khan,0
1984,Best R&B Song,Electric Avenue,Eddy Grant,0
1984,Best R&B Song,PYT (Pretty Young Thing),Michael Jackson,0
1984,Best R&B Song,Wanna Be Startin' Somethin,Michael Jackson,0
1985,Best R&B Song,I Feel for You,Chaka Khan,1
1985,Best R&B Song,Caribbean Queen (No More Love on the Run),Billy Ocean,0
1985,Best R&B Song,Dancing in the Sheets,Shalamar,0
1985,Best R&B Song,The Glamorous Life,Sheila E.,0
1985,Best R&B Song,Yah Mo B There,James Ingram and Michael McDonald,0
1986,Best R&B Song,Freeway of Love,Aretha Franklin,1
1986,Best R&B Song,New Attitude,Patti LaBelle,0
1986,Best R&B Song,Nightshift,Commodores,0
1986,Best R&B Song,Through the Fire,Chaka Khan,0
1986,Best R&B Song,You Give Good Love,Whitney Houston,0
1987,Best R&B Song,Sweet Love,Anita Baker,1
1987,Best R&B Song,Give Me the Reason,Luther Vandross,0
1987,Best R&B Song,Kiss,Prince & The Revolution,0
1987,Best R&B Song,Living in America,James Brown,0
1987,Best R&B Song,What Have You Done For Me Lately,Janet Jackson,0
1988,Best R&B Song,Lean on Me,Club Nouveau,1
1988,Best R&B Song,Casanova,LeVert,0
1988,Best R&B Song,Just to See Her,Smokey Robinson,0
1988,Best R&B Song,Skeletons,Stevie Wonder,0
1988,Best R&B Song,U Got the Look,Prince and Sheena Easton,0
1989,Best R&B Song,Giving You the Best That I Got,Anita Baker,1
1989,Best R&B Song,Any Love,Luther Vandross,0
1989,Best R&B Song,Don't Be Cruel,Bobby Brown,0
1989,Best R&B Song,I'll Always Love You,Taylor Dayne,0
1989,Best R&B Song,Just Got Paid,Johnny Kemp,0
1990,Best R&B Song,If You Don't Know Me by Now,Simply Red,1
1990,Best R&B Song,Every Little Step,Bobby Brown,0
1990,Best R&B Song,Miss You Much,Janet Jackson,0
1990,Best R&B Song,Superwoman,Karyn White,0
1990,Best R&B Song,When a Man Loves a Woman,Joe Cocker,0
1991,Best R&B Song,U Can't Touch This,MC Hammer,1
1991,Best R&B Song,Alright,Janet Jackson,0
1991,Best R&B Song,Here and Now,Luther Vandross,0
1991,Best R&B Song,I'll Be Good to You,Ray Charles and Chaka Khan,0
1991,Best R&B Song,"My, My, My",Johnny Gill,0
1992,Best R&B Song,Power of Love/Love Power,Luther Vandross,1
1992,Best R&B Song,Can You Stop the Rain,Peabo Bryson,0
1992,Best R&B Song,How Can I Ease the Pain,Lisa Fischer,0
1992,Best R&B Song,I Wanna Sex You Up,Color Me Badd,0
1992,Best R&B Song,I'll Take You There,BeBe & CeCe Winans featuring Mavis Staples,0
1993,Best R&B Song,End of the Road,Boyz II Men,1
1993,Best R&B Song,Ain't 2 Proud 2 Beg,TLC,0
1993,Best R&B Song,I'll Be There,Mariah Carey and Trey Lorenz,0
1993,Best R&B Song,Jam,Michael Jackson,0
1993,Best R&B Song,My Lovin' (You're Never Gonna Get It),En Vogue,0
1994,Best R&B Song,That's the Way Love Goes,Janet Jackson,1
1994,Best R&B Song,Anniversary,Tony! Toni! Toné!,0
1994,Best R&B Song,Can We Talk,Tevin Campbell,0
1994,Best R&B Song,Heaven Knows,Luther Vandross,0
1994,Best R&B Song,Little Miracles (Happen Every Day),Luther Vandross,0
1995,Best R&B Song,I'll Make Love to You,Boyz II Men,1
1995,Best R&B Song,Body and Soul,Anita Baker,0
1995,Best R&B Song,If That's Your Boyfriend (He Wasn't Last Night),Me'Shell Ndegéocello,0
1995,Best R&B Song,When Can I See You,Babyface,0
1995,Best R&B Song,You Mean the World to Me,Toni Braxton,0
1996,Best R&B Song,For Your Love,Stevie Wonder,1
1996,Best R&B Song,Brown Sugar,D'Angelo,0
1996,Best R&B Song,Creep,TLC,0
1996,Best R&B Song,Red Light Special,TLC,0
1996,Best R&B Song,You Can't Run,Vanessa Williams,0
1997,Best R&B Song,Exhale (Shoop Shoop),Whitney Houston,1
1997,Best R&B Song,Sittin' Up in My Room,Brandy,0
1997,Best R&B Song,You Put a Move on My Heart,Tamia,0
1997,Best R&B Song,You're Makin' Me High,Toni Braxton,0
1997,Best R&B Song,Your Secret Love,Luther Vandross,0
1998,Best R&B Song,I Believe I Can Fly,R. Kelly,1
1998,Best R&B Song,Honey,Mariah Carey,0
1998,Best R&B Song,No Diggity,Blackstreet featuring Dr. Dre and Queen Pen,0
1998,Best R&B Song,On & On,Erykah Badu,0
1998,Best R&B Song,Stomp,God's Property featuring Kirk Franklin and Cheryl James,0
1999,Best R&B Song,Doo Wop (That Thing),Lauryn Hill,1
1999,Best R&B Song,All My Life,K-Ci & JoJo,0
1999,Best R&B Song,The Boy Is Mine,Brandy and Monica,0
1999,Best R&B Song,Lean on Me,"Kirk Franklin with Mary J. Blige, R. Kelly, Bono, Crystal Lewis and The Family",0
1999,Best R&B Song,A Rose Is Still a Rose,Aretha Franklin,0
2000,Best R&B Song,No Scrubs,TLC,1
2000,Best R&B Song,All That I Can Say,Mary J. Blige,0
2000,Best R&B Song,"Bills, Bills, Bills",Destiny's Child,0
2000,Best R&B Song,Heartbreak Hotel,Whitney Houston featuring Faith Evans and Kelly Price,0
2000,Best R&B Song,It's Not Right but It's Okay,Whitney Houston,0
2001,Best R&B Song,Say My Name,Destiny's Child,1
2001,Best R&B Song,Bag Lady,Erykah Badu,0
2001,Best R&B Song,He Wasn't Man Enough,Toni Braxton,0
2001,Best R&B Song,Thong Song,Sisqó,0
2001,Best R&B Song,Untitled (How Does It Feel),D'Angelo,0
2002,Best R&B Song,Fallin,Alicia Keys,1
2002,Best R&B Song,Didn't Cha Know?,Erykah Badu,0
2002,Best R&B Song,Get Ur Freak On,Missy Elliott,0
2002,Best R&B Song,Hit 'Em Up Style (Oops!),Blu Cantrell,0
2002,Best R&B Song,Love of My Life,Brian McKnight,0
2002,Best R&B Song,Video,India.Arie,0
2003,Best R&B Song,Love of My Life (An Ode to Hip-Hop),Erykah Badu featuring Common,1
2003,Best R&B Song,Be Here,Raphael Saadiq featuring D'Angelo,0
2003,Best R&B Song,Floetic,Floetry,0
2003,Best R&B Song,Good Man,India.Arie,0
2003,Best R&B Song,Take a Message,Remy Shand,0
2004,Best R&B Song,Crazy in Love,Beyoncé featuring Jay-Z,1
2004,Best R&B Song,Comin' from Where I'm From,Anthony Hamilton,0
2004,Best R&B Song,Dance with My Father,Luther Vandross,0
2004,Best R&B Song,Danger,Erykah Badu,0
2004,Best R&B Song,Rock wit U (Awww Baby),Ashanti,0
2005,Best R&B Song,You Don't Know My Name,Alicia Keys,1
2005,Best R&B Song,Burn,Usher,0
2005,Best R&B Song,Call My Name,Prince,0
2005,Best R&B Song,My Boo,Usher and Alicia Keys,0
2005,Best R&B Song,Yeah!,Usher featuring Lil Jon and Ludacris,0
2006,Best R&B Song,We Belong Together,Mariah Carey,1
2006,Best R&B Song,Cater 2 U,Destiny's Child,0
2006,Best R&B Song,Free Yourself,Fantasia,0
2006,Best R&B Song,Ordinary People,John Legend,0
2006,Best R&B Song,Unbreakable,Alicia Keys,0
2007,Best R&B Song,Be Without You,Mary J. Blige,1
2007,Best R&B Song,Black Sweat,Prince,0
2007,Best R&B Song,Déjà Vu,Beyoncé featuring Jay-Z,0
2007,Best R&B Song,Don't Forget About Us,Mariah Carey,0
2007,Best R&B Song,I Am Not My Hair,India.Arie,0
2008,Best R&B Song,No One,Alicia Keys,1
2008,Best R&B Song,Beautiful Flower,India.Arie,0
2008,Best R&B Song,Hate That I Love You,Rihanna featuring Ne-Yo,0
2008,Best R&B Song,Teachme,Musiq Soulchild,0
2008,Best R&B Song,When I See U,Fantasia,0
2009,Best R&B Song,Miss Independent,Ne-Yo,1
2009,Best R&B Song,Bust Your Windows,Jazmine Sullivan,0
2009,Best R&B Song,Customer,Raheem DeVaughn,0
2009,Best R&B Song,Heaven Sent,Keyshia Cole,0
2009,Best R&B Song,Spotlight,Jennifer Hudson,0
2010,Best R&B Song,Single Ladies (Put a Ring on It),Beyoncé,1
2010,Best R&B Song,Blame It,Jamie Foxx featuring T-Pain,0
2010,Best R&B Song,"Lions, Tigers & Bears",Jazmine Sullivan,0
2010,Best R&B Song,Pretty Wings,Maxwell,0
2010,Best R&B Song,Under,Pleasure P,0
2011,Best R&B Song,Shine,John Legend and The Roots,1
2011,Best R&B Song,Bittersweet,Fantasia,0
2011,Best R&B Song,Finding My Way Back,Jaheim,0
2011,Best R&B Song,Second Chance,El DeBarge,0
2011,Best R&B Song,Why Would You Stay,Kem,0
2012,Best R&B Song,Fool for You,CeeLo Green featuring Melanie Fiona,1
2012,Best R&B Song,Far Away,Marsha Ambrosius,0
2012,Best R&B Song,Not My Daddy,Kelly Price featuring Stokley,0
2012,Best R&B Song,Pieces of Me,Ledisi,0
2012,Best R&B Song,You Are,Charlie Wilson,0
2013,Best R&B Song,Adorn,Miguel,1
2013,Best R&B Song,Beautiful Surprise,Tamia,0
2013,Best R&B Song,Heart Attack,Trey Songz,0
2013,Best R&B Song,Pray for Me,Anthony Hamilton,0
2014,Best R&B Song,Pusher Love Girl,Justin Timberlake,1
2014,Best R&B Song,Best of Me,Anthony Hamilton,0
2014,Best R&B Song,Love and War,Tamar Braxton,0
2014,Best R&B Song,Only One,PJ Morton featuring Stevie Wonder,0
2014,Best R&B Song,Without Me,Fantasia featuring Kelly Rowland and Missy Elliott,0
2015,Best R&B Song,Drunk in Love,Beyoncé,1
2015,Best R&B Song,Good Kisser,Usher,0
2015,Best R&B Song,New Flame,Chris Brown featuring Usher and Rick Ross,0
2015,Best R&B Song,Options (Wolfjames Version),Luke James featuring Rick Ross,0
2015,Best R&B Song,The Worst,Jhené Aiko,0
2016,Best R&B Song,Really Love,D'Angelo & The Vanguard,1
2016,Best R&B Song,Coffee,Miguel,0
2016,Best R&B Song,Earned It (Fifty Shades of Grey),The Weeknd,0
2016,Best R&B Song,Let It Burn,Jazmine Sullivan,0
2016,Best R&B Song,Shame,Tyrese,0
2017,Best R&B Song,Lake by the Ocean,Maxwell,1
2017,Best R&B Song,Come and See Me,PartyNextDoor featuring Drake,0
2017,Best R&B Song,Exchange,Bryson Tiller,0
2017,Best R&B Song,Kiss It Better,Rihanna,0
2017,Best R&B Song,Luv,Tory Lanez,0
2018,Best R&B Song,That's What I Like,Bruno Mars,1
2018,Best R&B Song,First Began,PJ Morton,0
2018,Best R&B Song,Location,Khalid,0
2018,Best R&B Song,Redbone,Childish Gambino,0
2018,Best R&B Song,Supermodel,SZA,0
2019,Best R&B Song,Boo'd Up,Ella Mai,1
2019,Best R&B Song,Come Through and Chill,Miguel featuring J. Cole and Salaam Remi,0
2019,Best R&B Song,Feels Like Summer,Childish Gambino,0
2019,Best R&B Song,Focus,H.E.R.,0
2019,Best R&B Song,Long as I Live,Toni Braxton,0
2020,Best R&B Song,Say So,PJ Morton featuring JoJo,1
2020,Best R&B Song,Could've Been,H.E.R. featuring Bryson Tiller,0
2020,Best R&B Song,Look at Me Now,Emily King,0
2020,Best R&B Song,No Guidance,Chris Brown featuring Drake,0
2020,Best R&B Song,Roll Some Mo,Lucky Daye,0
2021,Best R&B Song,Better Than I Imagined,Robert Glasper featuring H.E.R. and Meshell Ndegeocello,1
2021,Best R&B Song,Black Parade,Beyoncé,0
2021,Best R&B Song,Collide,Tiana Major9 and EarthGang,0
2021,Best R&B Song,Do It,Chloe x Halle,0
2021,Best R&B Song,Slow Down,Skip Marley and H.E.R.,0
2022,Best R&B Song,Leave the Door Open,Silk Sonic,1
2022,Best R&B Song,Damage,H.E.R.,0
2022,Best R&B Song,Good Days,SZA,0
2022,Best R&B Song,Heartbreak Anniversary,Giveon,0
2022,Best R&B Song,Pick Up Your Feelings,Jazmine Sullivan,0
2023,Best R&B Song,Cuff It,Beyoncé,1
2023,Best R&B Song,Good Morning Gorgeous,Mary J. Blige,0
2023,Best R&B Song,Hrs and Hrs,Muni Long,0
2023,Best R&B Song,Hurt Me So Good,Jazmine Sullivan,0
2023,Best R&B Song,Please Don't Walk Away,PJ Morton,0
2024,Best R&B Song,Snooze,SZA,1
2024,Best R&B Song,Angel,Halle Bailey,0
2024,Best R&B Song,Back to Love,Robert Glasper featuring Sir and Alex Isley,0
2024,Best R&B Song,ICU,Coco Jones,0
2024,Best R&B Song,On My Mama,Victoria Monét,0
2025,Best R&B Song,Saturn,SZA,1
2025,Best R&B Song,After Hours,Kehlani Parrish,0
2025,Best R&B Song,Burning,Tems,0
2025,Best R&B Song,Here We Go (Uh Oh),Coco Jones,0
2025,Best R&B Song,Ruined Me,Muni Long,0
2026,Best R&B Song,Folded,Kehlani,1
2026,Best R&B Song,Heart of a Woman,Summer Walker,0
2026,Best R&B Song,It Depends,Chris Brown featuring Bryson Tiller,0
2026,Best R&B Song,Overqualified,Durand Bernarr,0
2026,Best R&B Song,Yes It Is,Leon Thomas,0
1965,Best Country Song,Dang Me,Roger Miller,1
1965,Best Country Song,Here Comes My Baby,Dottie West,0
1965,Best Country Song,Once a Day,Connie Smith,0
1965,Best Country Song,"Wine, Women and Song",Loretta Lynn,0
1965,Best Country Song,You're the Only World I Know,Sonny James,0
1966,Best Country Song,King of the Road,Roger Miller,1
1966,Best Country Song,Crystal Chandelier,Charley Pride,0
1966,Best Country Song,Flowers on the Wall,The Statler Brothers,0
1966,Best Country Song,May the Bird of Paradise Fly Up Your Nose,Little Jimmy Dickens,0
1966,Best Country Song,What's He Doing in My World,Eddy Arnold,0
1967,Best Country Song,Almost Persuaded,David Houston,1
1967,Best Country Song,Don't Touch Me,Jeannie Seely,0
1967,Best Country Song,Husband and Wives,Roger Miller,0
1967,Best Country Song,Streets of Baltimore,Bobby Bare,0
1967,Best Country Song,There Goes My Everything,Jack Greene,0
1968,Best Country Song,Gentle on My Mind,Glen Campbell,1
1968,Best Country Song,Break My Mind,George Hamilton IV,0
1968,Best Country Song,The Cold Hard Facts of Life,Porter Wagoner,0
1968,Best Country Song,Does My Ring Hurt Your Finger,Charley Pride,0
1968,Best Country Song,It's Such a Pretty World Today,Wynn Stewart,0
1969,Best Country Song,Little Green Apples,Roger Miller,1
1969,Best Country Song,D-I-V-O-R-C-E,Tammy Wynette,0
1969,Best Country Song,Harper Valley PTA,Jeannie C. Riley,0
1969,Best Country Song,Honey,Bobby Goldsboro,0
1969,Best Country Song,Skip a Rope,Henson Cargill,0
1970,Best Country Song,A Boy Named Sue,Johnny Cash,1
1970,Best Country Song,All I Have to Offer You (Is Me),Charley Pride,0
1970,Best Country Song,Stand by Your Man,Tammy Wynette,0
1970,Best Country Song,The Things That Matter,Van Trevor,0
1970,Best Country Song,You Gave Me a Mountain,Frankie Laine,0
1971,Best Country Song,"My Woman, My Woman, My Wife",Marty Robbins,1
1971,Best Country Song,The Fightin' Side of Me,Merle Haggard,0
1971,Best Country Song,Hello Darlin,Conway Twitty,0
1971,Best Country Song,Is Anybody Goin' to San Antone,Charley Pride,0
1971,Best Country Song,Wonder Could I Live There Anymore,Charley Pride,0
1972,Best Country Song,Help Me Make It Through the Night,Sammi Smith,1
1972,Best Country Song,Easy Loving,Freddie Hart,0
1972,Best Country Song,For the Good Times,Ray Price,0
1972,Best Country Song,Me and Bobby McGee,Gordon Lightfoot,0
1972,Best Country Song,Rose Garden,Lynn Anderson,0
1973,Best Country Song,Kiss an Angel Good Mornin,Charley Pride,1
1973,Best Country Song,Delta Dawn,Tanya Tucker,0
1973,Best Country Song,Funny Face,Donna Fargo,0
1973,Best Country Song,The Happiest Girl in the Whole USA,Donna Fargo,0
1973,Best Country Song,Woman (Sensuous Woman),Don Gibson,0
1974,Best Country Song,Behind Closed Doors,Charlie Rich,1
1974,Best Country Song,Country Sunshine,Dottie West,0
1974,Best Country Song,The Most Beautiful Girl,Charlie Rich,0
1974,Best Country Song,"Old Dogs, Children and Watermelon Wine",Tom T. Hall,0
1974,Best Country Song,Why Me,Kris Kristofferson,0
1975,Best Country Song,A Very Special Love Song,Charlie Rich,1
1975,Best Country Song,Fairytale,The Pointer Sisters,0
1975,Best Country Song,I'm a Ramblin' Man,Waylon Jennings,0
1975,Best Country Song,If We Make It Through December,Merle Haggard,0
1975,Best Country Song,Paper Roses,Marie Osmond,0
1976,Best Country Song,(Hey Won't You Play) Another Somebody Done Somebody Wrong Song,B. J. Thomas,1
1976,Best Country Song,Before the Next Teardrop Falls,Freddy Fender,0
1976,Best Country Song,Blue Eyes Crying in the Rain,Willie Nelson,0
1976,Best Country Song,I'm Not Lisa,Jessi Colter,0
1976,Best Country Song,Thank God I'm a Country Boy,John Denver,0
1977,Best Country Song,Broken Lady,Larry Gatlin,1
1977,Best Country Song,The Door Is Always Open,Dave & Sugar,0
1977,Best Country Song,Dropkick Me Jesus,Bobby Bare,0
1977,Best Country Song,Every Time You Touch Me (I Get High),Charlie Rich,0
1977,Best Country Song,"Hank Williams, You Wrote My Life",Moe Bandy,0
1978,Best Country Song,Don't It Make My Brown Eyes Blue,Crystal Gayle,1
1978,Best Country Song,Desperado,Johnny Rodriguez,0
1978,Best Country Song,It Was Almost Like a Song,Ronnie Milsap,0
1978,Best Country Song,Lucille,Kenny Rogers,0
1978,Best Country Song,"Luckenbach, Texas",Waylon Jennings,0
1979,Best Country Song,The Gambler,Kenny Rogers,1
1979,Best Country Song,Every Time Two Fools Collide,Kenny Rogers and Dottie West,0
1979,Best Country Song,Let's Take the Long Way Around the World,Ronnie Milsap,0
1979,Best Country Song,Mamas Don't Let Your Babies Grow Up to Be Cowboys,Willie Nelson and Waylon Jennings,0
1979,Best Country Song,Take This Job and Shove It,Johnny Paycheck,0
1980,Best Country Song,You Decorated My Life,Kenny Rogers,1
1980,Best Country Song,All the Gold in California,Larry Gatlin & the Gatlin Brothers,0
1980,Best Country Song,Blue Kentucky Girl,Emmylou Harris,0
1980,Best Country Song,Every Which Way But Loose,Eddie Rabbitt,0
1980,Best Country Song,If I Said You Have a Beautiful Body Would You Hold It Against Me,The Bellamy Brothers,0
1981,Best Country Song,On the Road Again,Willie Nelson,1
1981,Best Country Song,Drivin' My Life Away,Eddie Rabbitt,0
1981,Best Country Song,He Stopped Loving Her Today,George Jones,0
1981,Best Country Song,I Believe in You,Don Williams,0
1981,Best Country Song,Lookin' for Love,Johnny Lee,0
1982,Best Country Song,9 to 5,Dolly Parton,1
1982,Best Country Song,Elvira,The Oak Ridge Boys,0
1982,Best Country Song,I Was Country When Country Wasn't Cool,Barbara Mandrell,0
1982,Best Country Song,Somebody's Knockin,Terri Gibbs,0
1982,Best Country Song,You're the Reason God Made Oklahoma,David Frizzell and Shelly West,0
1983,Best Country Song,Always on My Mind,Willie Nelson,1
1983,Best Country Song,I'm Gonna Hire a Wino to Decorate Our Home,David Frizzell,0
1983,Best Country Song,Nobody,Sylvia,0
1983,Best Country Song,"Ring on Her Finger, Time on Her Hands",Lee Greenwood,0
1983,Best Country Song,She Got the Goldmine (I Got the Shaft),Jerry Reed,0
1984,Best Country Song,Stranger in My House,Ronnie Milsap,1
1984,Best Country Song,Baby I Lied,Deborah Allen,0
1984,Best Country Song,I.O.U.,Lee Greenwood,0
1984,Best Country Song,Lady Down on Love,Alabama,0
1984,Best Country Song,A Little Good News,Anne Murray,0
1985,Best Country Song,City of New Orleans,Willie Nelson,1
1985,Best Country Song,All My Rowdy Friends Are Coming Over Tonight,Hank Williams Jr.,0
1985,Best Country Song,Faithless Love,Glen Campbell,0
1985,Best Country Song,God Bless the U.S.A.,Lee Greenwood,0
1985,Best Country Song,Mama He's Crazy,The Judds,0
1986,Best Country Song,Highwayman,The Highwaymen,1
1986,Best Country Song,Baby's Got Her Blue Jeans On,Mel McDaniel,0
1986,Best Country Song,Desperados Waiting for a Train,The Highwaymen,0
1986,Best Country Song,40 Hour Week (For a Livin'),Alabama,0
1986,Best Country Song,I Don't Know Why You Don't Want Me,Rosanne Cash,0
1986,Best Country Song,Lost in the Fifties Tonight (In the Still of the Night),Ronnie Milsap,0
1986,Best Country Song,Love Is Alive,The Judds,0
1987,Best Country Song,Grandpa (Tell Me 'Bout the Good Ol' Days),The Judds,1
1987,Best Country Song,Daddy's Hands,Holly Dunn,0
1987,Best Country Song,Guitar Town,Steve Earle,0
1987,Best Country Song,"Guitars, Cadillacs",Dwight Yoakam,0
1987,Best Country Song,Whoever's in New England,Reba McEntire,0
1988,Best Country Song,"Forever and Ever, Amen",Randy Travis,1
1988,Best Country Song,All My Ex's Live in Texas,George Strait,0
1988,Best Country Song,80's Ladies,K. T. Oslin,0
1988,Best Country Song,I'll Still Be Loving You,Restless Heart,0
1988,Best Country Song,Telling Me Lies,"Dolly Parton, Linda Ronstadt and Emmylou Harris",0
1989,Best Country Song,Hold Me,K. T. Oslin,1
1989,Best Country Song,Chiseled in Stone,Vern Gosdin,0
1989,Best Country Song,I Couldn't Leave You If I Tried,Rodney Crowell,0
1989,Best Country Song,She's No Lady,Lyle Lovett,0
1989,Best Country Song,Streets of Bakersfield,Dwight Yoakam with Buck Owens,0
1990,Best Country Song,After All This Time,Rodney Crowell,1
1990,Best Country Song,A Better Man,Clint Black,0
1990,Best Country Song,Luck in My Eyes,k.d. lang,0
1990,Best Country Song,She Don't Love Nobody,The Desert Rose Band,0
1990,Best Country Song,There's a Tear in My Beer,Hank Williams and Hank Williams Jr.,0
1991,Best Country Song,Where've You Been,Kathy Mattea,1
1991,Best Country Song,Come Next Monday,K. T. Oslin,0
1991,Best Country Song,The Dance,Garth Brooks,0
1991,Best Country Song,Friends in Low Places,Garth Brooks,0
1991,Best Country Song,When I Call Your Name,Vince Gill,0
1992,Best Country Song,Love Can Build a Bridge,The Judds,1
1992,Best Country Song,Don't Rock the Jukebox,Alan Jackson,0
1992,Best Country Song,Down at the Twist and Shout,Mary Chapin Carpenter,0
1992,Best Country Song,Eagle When She Flies,Dolly Parton,0
1992,Best Country Song,Here's a Quarter (Call Someone Who Cares),Travis Tritt,0
1993,Best Country Song,I Still Believe in You,Vince Gill,1
1993,Best Country Song,Achy Breaky Heart,Billy Ray Cyrus,0
1993,Best Country Song,The Greatest Man I Never Knew,Reba McEntire,0
1993,Best Country Song,I Feel Lucky,Mary Chapin Carpenter,0
1993,Best Country Song,She Is His Only Need,Wynonna Judd,0
1994,Best Country Song,Passionate Kisses,Mary Chapin Carpenter,1
1994,Best Country Song,Ain't That Lonely Yet,Dwight Yoakam,0
1994,Best Country Song,Chattahoochee,Alan Jackson,0
1994,Best Country Song,Does He Love You,Reba McEntire and Linda Davis,0
1994,Best Country Song,The Hard Way,Mary Chapin Carpenter,0
1995,Best Country Song,I Swear,John Michael Montgomery,1
1995,Best Country Song,How Can I Help You Say Goodbye,Patty Loveless,0
1995,Best Country Song,Independence Day,Martina McBride,0
1995,Best Country Song,Shut Up and Kiss Me,Mary Chapin Carpenter,0
1995,Best Country Song,When Love Finds You,Vince Gill,0
1996,Best Country Song,Go Rest High on That Mountain,Vince Gill,1
1996,Best Country Song,Any Man of Mine,Shania Twain,0
1996,Best Country Song,Gone Country,Alan Jackson,0
1996,Best Country Song,I Can Love You Like That,John Michael Montgomery,0
1996,Best Country Song,You Don't Even Know Who I Am,Patty Loveless,0
1997,Best Country Song,Blue,LeAnn Rimes,1
1997,Best Country Song,Believe Me Baby (I Lied),Trisha Yearwood,0
1997,Best Country Song,High Lonesome Sound,Vince Gill featuring Alison Krauss & Union Station,0
1997,Best Country Song,My Wife Thinks You're Dead,Junior Brown,0
1997,Best Country Song,Strawberry Wine,Deana Carter,0
1998,Best Country Song,Butterfly Kisses,Bob Carlisle,1
1998,Best Country Song,All the Good Ones Are Gone,Pam Tillis,0
1998,Best Country Song,Did I Shave My Legs for This?,Deana Carter,0
1998,Best Country Song,In Another's Eyes,Garth Brooks and Trisha Yearwood,0
1998,Best Country Song,It's Your Love,Tim McGraw and Faith Hill,0
1999,Best Country Song,You're Still the One,Shania Twain,1
1999,Best Country Song,Holes in the Floor of Heaven,Steve Wariner,0
1999,Best Country Song,If You Ever Have Forever in Mind,Vince Gill,0
1999,Best Country Song,This Kiss,Faith Hill,0
1999,Best Country Song,To Make You Feel My Love,Garth Brooks,0
2000,Best Country Song,Come On Over,Shania Twain,1
2000,Best Country Song,Amazed,Lonestar,0
2000,Best Country Song,Choices,George Jones,0
2000,Best Country Song,Ready to Run,Dixie Chicks,0
2000,Best Country Song,Two Teardrops,Steve Wariner,0
2001,Best Country Song,I Hope You Dance,Lee Ann Womack,1
2001,Best Country Song,Breathe,Faith Hill,0
2001,Best Country Song,Feels Like Love,Vince Gill,0
2001,Best Country Song,One Voice,Billy Gilman,0
2001,Best Country Song,The Way You Love Me,Faith Hill,0
2002,Best Country Song,The Lucky One,Alison Krauss & Union Station,1
2002,Best Country Song,I'm Already There,Lonestar,0
2002,Best Country Song,One More Day,Diamond Rio,0
2002,Best Country Song,There Is No Arizona,Jamie O'Neal,0
2002,Best Country Song,When I Think About Angels,Jamie O'Neal,0
2003,Best Country Song,Where Were You (When the World Stopped Turning),Alan Jackson,1
2003,Best Country Song,The Impossible,Joe Nichols,0
2003,Best Country Song,Long Time Gone,Dixie Chicks,0
2003,Best Country Song,Mendocino County Line,Willie Nelson and Lee Ann Womack,0
2003,Best Country Song,Three Days,Pat Green,0
2004,Best Country Song,It's Five O'Clock Somewhere,Alan Jackson and Jimmy Buffett,1
2004,Best Country Song,Beer for My Horses,Willie Nelson and Toby Keith,0
2004,Best Country Song,Celebrity,Brad Paisley,0
2004,Best Country Song,Forever and for Always,Shania Twain,0
2004,Best Country Song,Wave on Wave,Pat Green,0
2005,Best Country Song,Live Like You Were Dying,Tim McGraw,1
2005,Best Country Song,It's Hard to Kiss the Lips at Night That Chew Your Ass Out All Day Long,Notorious Cherry Bombs,0
2005,Best Country Song,Miss Being Mrs.,Loretta Lynn,0
2005,Best Country Song,Portland Oregon,Loretta Lynn and Jack White,0
2005,Best Country Song,Redneck Woman,Gretchen Wilson,0
2006,Best Country Song,Bless the Broken Road,Rascal Flatts,1
2006,Best Country Song,Alcohol,Brad Paisley,0
2006,Best Country Song,All Jacked Up,Gretchen Wilson,0
2006,Best Country Song,I Hope,Dixie Chicks,0
2006,Best Country Song,I May Hate Myself in the Morning,Lee Ann Womack,0
2007,Best Country Song,"Jesus, Take the Wheel",Carrie Underwood,1
2007,Best Country Song,Every Mile a Memory,Dierks Bentley,0
2007,Best Country Song,I Don't Feel Like Loving You Today,Gretchen Wilson,0
2007,Best Country Song,Like Red on a Rose,Alan Jackson,0
2007,Best Country Song,What Hurts the Most,Rascal Flatts,0
2008,Best Country Song,Before He Cheats,Carrie Underwood,1
2008,Best Country Song,Give It Away,George Strait,0
2008,Best Country Song,I Need You,Tim McGraw featuring Faith Hill,0
2008,Best Country Song,If You're Reading This,Tim McGraw,0
2008,Best Country Song,Long Trip Alone,Dierks Bentley,0
2009,Best Country Song,Stay,Sugarland,1
2009,Best Country Song,Dig Two Graves,Randy Travis,0
2009,Best Country Song,I Saw God Today,George Strait,0
2009,Best Country Song,In Color,Jamey Johnson,0
2009,Best Country Song,You're Gonna Miss This,Trace Adkins,0
2010,Best Country Song,White Horse,Taylor Swift,1
2010,Best Country Song,All I Ask for Anymore,Trace Adkins,0
2010,Best Country Song,High Cost of Living,Jamey Johnson,0
2010,Best Country Song,I Run to You,Lady Antebellum,0
2010,Best Country Song,People Are Crazy,Billy Currington,0
2011,Best Country Song,Need You Now,Lady Antebellum,1
2011,Best Country Song,The Breath You Take,George Strait,0
2011,Best Country Song,Free,Zac Brown Band,0
2011,Best Country Song,The House That Built Me,Miranda Lambert,0
2011,Best Country Song,I'd Love to Be Your Last,Gretchen Wilson,0
2011,Best Country Song,If I Die Young,The Band Perry,0
2012,Best Country Song,Mean,Taylor Swift,1
2012,Best Country Song,Are You Gonna Kiss Me or Not,Thompson Square,0
2012,Best Country Song,God Gave Me You,Blake Shelton,0
2012,Best Country Song,Just Fishin,Trace Adkins,0
2012,Best Country Song,Threaten Me with Heaven,Vince Gill,0
2012,Best Country Song,You and Tequila,Kenny Chesney featuring Grace Potter,0
2013,Best Country Song,Blown Away,Carrie Underwood,1
2013,Best Country Song,Cost of Livin,Ronnie Dunn,0
2013,Best Country Song,Even If It Breaks Your Heart,Eli Young Band,0
2013,Best Country Song,So You Don't Have to Love Me Anymore,Alan Jackson,0
2013,Best Country Song,Springsteen,Eric Church,0
2014,Best Country Song,Merry Go 'Round,Kacey Musgraves,1
2014,Best Country Song,Begin Again,Taylor Swift,0
2014,Best Country Song,I Drive Your Truck,Lee Brice,0
2014,Best Country Song,Mama's Broken Heart,Miranda Lambert,0
2014,Best Country Song,Mine Would Be You,Blake Shelton,0
2015,Best Country Song,I'm Not Gonna Miss You,Glen Campbell,1
2015,Best Country Song,American Kids,Kenny Chesney,0
2015,Best Country Song,Automatic,Miranda Lambert,0
2015,Best Country Song,Give Me Back My Hometown,Eric Church,0
2015,Best Country Song,Meanwhile Back at Mama's,Tim McGraw featuring Faith Hill,0
2016,Best Country Song,Girl Crush,Little Big Town,1
2016,Best Country Song,Chances Are,Lee Ann Womack,0
2016,Best Country Song,Diamond Rings and Old Barstools,Tim McGraw,0
2016,Best Country Song,Hold My Hand,Brandy Clark,0
2016,Best Country Song,Traveller,Chris Stapleton,0
2017,Best Country Song,Humble and Kind,Tim McGraw,1
2017,Best Country Song,Blue Ain't Your Color,Keith Urban,0
2017,Best Country Song,Die a Happy Man,Thomas Rhett,0
2017,Best Country Song,My Church,Maren Morris,0
2017,Best Country Song,Vice,Miranda Lambert,0
2018,Best Country Song,Broken Halos,Chris Stapleton,1
2018,Best Country Song,Better Man,Little Big Town,0
2018,Best Country Song,Body Like a Back Road,Sam Hunt,0
2018,Best Country Song,Drinkin' Problem,Midland,0
2018,Best Country Song,Tin Man,Miranda Lambert,0
2019,Best Country Song,Space Cowboy,Kacey Musgraves,1
2019,Best Country Song,Break Up in the End,Cole Swindell,0
2019,Best Country Song,Dear Hate,Maren Morris with Vince Gill,0
2019,Best Country Song,I Lived It,Blake Shelton,0
2019,Best Country Song,Tequila,Dan + Shay,0
2019,Best Country Song,When Someone Stops Loving You,Little Big Town,0
2020,Best Country Song,Bring My Flowers Now,Tanya Tucker,1
2020,Best Country Song,Girl Goin' Nowhere,Ashley McBryde,0
2020,Best Country Song,It All Comes Out in the Wash,Miranda Lambert,0
2020,Best Country Song,Some of It,Eric Church,0
2020,Best Country Song,Speechless,Dan + Shay,0
2021,Best Country Song,Crowded Table,The Highwomen,1
2021,Best Country Song,Bluebird,Miranda Lambert,0
2021,Best Country Song,The Bones,Maren Morris,0
2021,Best Country Song,More Hearts Than Mine,Ingrid Andress,0
2021,Best Country Song,Some People Do,Old Dominion,0
2022,Best Country Song,Cold,Chris Stapleton,1
2022,Best Country Song,Better Than We Found It,Maren Morris,0
2022,Best Country Song,Camera Roll,Kacey Musgraves,0
2022,Best Country Song,Country Again,Thomas Rhett,0
2022,Best Country Song,Fancy Like,Walker Hayes,0
2022,Best Country Song,Remember Her Name,Mickey Guyton,0
2023,Best Country Song,Til You Can't,Cody Johnson,1
2023,Best Country Song,Circles Around This Town,Maren Morris,0
2023,Best Country Song,Doin' This,Luke Combs,0
2023,Best Country Song,I Bet You Think About Me,Taylor Swift featuring Chris Stapleton,0
2023,Best Country Song,If I Was a Cowboy,Miranda Lambert,0
2023,Best Country Song,I'll Love You Till the Day I Die,Willie Nelson,0
2024,Best Country Song,White Horse,Chris Stapleton,1
2024,Best Country Song,Buried,Brandy Clark,0
2024,Best Country Song,I Remember Everything,Zach Bryan and Kacey Musgraves,0
2024,Best Country Song,In Your Love,Tyler Childers,0
2024,Best Country Song,Last Night,Morgan Wallen,0
2025,Best Country Song,The Architect,Kacey Musgraves,1
2025,Best Country Song,A Bar Song (Tipsy),Shaboozey,0
2025,Best Country Song,I Am Not Okay,Jelly Roll,0
2025,Best Country Song,I Had Some Help,Post Malone featuring Morgan Wallen,0
2025,Best Country Song,Texas Hold 'Em,Beyoncé,0
2026,Best Country Song,Bitin' List,Tyler Childers,1
2026,Best Country Song,Good News,Shaboozey,0
2026,Best Country Song,I Never Lie,Zach Top,0
2026,Best Country Song,Somewhere Over Laredo,Lainey Wilson,0
2026,Best Country Song,A Song to Sing,Miranda Lambert and Chris Stapleton,0
2012,Best Country Solo Performance,Mean,Taylor Swift,1
2012,Best Country Solo Performance,Dirt Road Anthem,Jason Aldean,0
2012,Best Country Solo Performance,I'm Gonna Love You Through It,Martina McBride,0
2012,Best Country Solo Performance,Honey Bee,Blake Shelton,0
2012,Best Country Solo Performance,Mama's Song,Carrie Underwood,0
2013,Best Country Solo Performance,Blown Away,Carrie Underwood,1
2013,Best Country Solo Performance,Home,Dierks Bentley,0
2013,Best Country Solo Performance,Springsteen,Eric Church,0
2013,Best Country Solo Performance,Cost of Livin,Ronnie Dunn,0
2013,Best Country Solo Performance,Wanted,Hunter Hayes,0
2013,Best Country Solo Performance,Over,Blake Shelton,0
2014,Best Country Solo Performance,Wagon Wheel,Darius Rucker,1
2014,Best Country Solo Performance,I Drive Your Truck,Lee Brice,0
2014,Best Country Solo Performance,I Want Crazy,Hunter Hayes,0
2014,Best Country Solo Performance,Mama's Broken Heart,Miranda Lambert,0
2014,Best Country Solo Performance,Mine Would Be You,Blake Shelton,0
2015,Best Country Solo Performance,Something in the Water,Carrie Underwood,1
2015,Best Country Solo Performance,Give Me Back My Hometown,Eric Church,0
2015,Best Country Solo Performance,Invisible,Hunter Hayes,0
2015,Best Country Solo Performance,Automatic,Miranda Lambert,0
2015,Best Country Solo Performance,Cop Car,Keith Urban,0
2016,Best Country Solo Performance,Traveller,Chris Stapleton,1
2016,Best Country Solo Performance,Burning House,Cam,0
2016,Best Country Solo Performance,Little Toy Guns,Carrie Underwood,0
2016,Best Country Solo Performance,"John Cougar, John Deere, John 3:16",Keith Urban,0
2016,Best Country Solo Performance,Chances Are,Lee Ann Womack,0
2017,Best Country Solo Performance,My Church,Maren Morris,1
2017,Best Country Solo Performance,Love Can Go to Hell,Brandy Clark,0
2017,Best Country Solo Performance,Church Bells,Carrie Underwood,0
2017,Best Country Solo Performance,Blue Ain't Your Color,Keith Urban,0
2017,Best Country Solo Performance,Vice,Miranda Lambert,0
2018,Best Country Solo Performance,Either Way,Chris Stapleton,1
2018,Best Country Solo Performance,Body Like a Back Road,Sam Hunt,0
2018,Best Country Solo Performance,Losing You,Alison Krauss,0
2018,Best Country Solo Performance,Tin Man,Miranda Lambert,0
2018,Best Country Solo Performance,I Could Use a Love Song,Maren Morris,0
2019,Best Country Solo Performance,Butterflies,Kacey Musgraves,1
2019,Best Country Solo Performance,Wouldn't It Be Great?,Loretta Lynn,0
2019,Best Country Solo Performance,Mona Lisas and Mad Hatters,Maren Morris,0
2019,Best Country Solo Performance,Millionaire,Chris Stapleton,0
2019,Best Country Solo Performance,Parallel Line,Keith Urban,0
2020,Best Country Solo Performance,Ride Me Back Home,Willie Nelson,1
2020,Best Country Solo Performance,Girl Goin' Nowhere,Ashley McBryde,0
2020,Best Country Solo Performance,All Your'n,Tyler Childers,0
2020,Best Country Solo Performance,God's Country,Blake Shelton,0
2020,Best Country Solo Performance,Bring My Flowers Now,Tanya Tucker,0
2021,Best Country Solo Performance,When My Amy Prays,Vince Gill,1
2021,Best Country Solo Performance,Stick That in Your Country Song,Eric Church,0
2021,Best Country Solo Performance,Who You Thought I Was,Brandy Clark,0
2021,Best Country Solo Performance,Bluebird,Miranda Lambert,0
2021,Best Country Solo Performance,Black Like Me,Mickey Guyton,0
2022,Best Country Solo Performance,You Should Probably Leave,Chris Stapleton,1
2022,Best Country Solo Performance,Forever After All,Luke Combs,0
2022,Best Country Solo Performance,Remember Her Name,Mickey Guyton,0
2022,Best Country Solo Performance,All I Do Is Drive,Jason Isbell,0
2022,Best Country Solo Performance,Camera Roll,Kacey Musgraves,0
2023,Best Country Solo Performance,Live Forever,Willie Nelson,1
2023,Best Country Solo Performance,Heartfirst,Kelsea Ballerini,0
2023,Best Country Solo Performance,Something in the Orange,Zach Bryan,0
2023,Best Country Solo Performance,In His Arms,Miranda Lambert,0
2023,Best Country Solo Performance,Circles Around This Town,Maren Morris,0
2024,Best Country Solo Performance,White Horse,Chris Stapleton,1
2024,Best Country Solo Performance,In Your Love,Tyler Childers,0
2024,Best Country Solo Performance,Buried,Brandy Clark,0
2024,Best Country Solo Performance,Fast Car,Luke Combs,0
2024,Best Country Solo Performance,The Last Thing on My Mind,Dolly Parton,0
2025,Best Country Solo Performance,It Takes a Woman,Chris Stapleton,1
2025,Best Country Solo Performance,16 Carriages,Beyoncé,0
2025,Best Country Solo Performance,I Am Not Okay,Jelly Roll,0
2025,Best Country Solo Performance,The Architect,Kacey Musgraves,0
2025,Best Country Solo Performance,A Bar Song (Tipsy),Shaboozey,0
2026,Best Country Solo Performance,Bad as I Used to Be,Chris Stapleton,1
2026,Best Country Solo Performance,Nose on the Grindstone,Tyler Childers,0
2026,Best Country Solo Performance,Good News,Shaboozey,0
2026,Best Country Solo Performance,I Never Lie,Zach Top,0
2026,Best Country Solo Performance,Somewhere Over Laredo,Lainey Wilson,0
2004,Best Rap Song,Lose Yourself,Eminem,1
2004,Best Rap Song,Beautiful,Snoop Dogg and Pharrell Williams,0
2004,Best Rap Song,Excuse Me Miss,Jay-Z and Pharrell Williams,0
2004,Best Rap Song,In da Club,50 Cent,0
2005,Best Rap Song,Jesus Walks,Kanye West,1
2005,Best Rap Song,Drop It Like It's Hot,Snoop Dogg and Pharrell Williams,0
2005,Best Rap Song,Hey Mama,Black Eyed Peas,0
2005,Best Rap Song,Let's Get It Started,Black Eyed Peas,0
2005,Best Rap Song,99 Problems,Jay-Z,0
2006,Best Rap Song,Diamonds from Sierra Leone,Kanye West,1
2006,Best Rap Song,Candy Shop,50 Cent featuring Olivia,0
2006,Best Rap Song,Don't Phunk with My Heart,Black Eyed Peas,0
2006,Best Rap Song,Hate It or Love It,The Game featuring 50 Cent,0
2006,Best Rap Song,Lose Control,Missy Elliott featuring Ciara and Fatman Scoop,0
2007,Best Rap Song,Money Maker,Ludacris featuring Pharrell,1
2007,Best Rap Song,It's Goin' Down,Yung Joc,0
2007,Best Rap Song,"Kick, Push",Lupe Fiasco,0
2007,Best Rap Song,Ridin,Chamillionaire featuring Krayzie Bone,0
2007,Best Rap Song,What You Know,T.I.,0
2008,Best Rap Song,Good Life,Kanye West featuring T-Pain,1
2008,Best Rap Song,Ayo Technology,50 Cent featuring Justin Timberlake and Timbaland,0
2008,Best Rap Song,Big Things Poppin' (Do It),T.I.,0
2008,Best Rap Song,Can't Tell Me Nothing,Kanye West,0
2008,Best Rap Song,Crank That,Soulja Boy,0
2009,Best Rap Song,Lollipop,Lil Wayne featuring Static Major,1
2009,Best Rap Song,Low,Flo Rida featuring T-Pain,0
2009,Best Rap Song,Sexual Eruption,Snoop Dogg,0
2009,Best Rap Song,Superstar,Lupe Fiasco featuring Matthew Santos,0
2009,Best Rap Song,Swagga Like Us,"T.I. featuring Jay-Z, Lil Wayne, Kanye West and M.I.A.",0
2010,Best Rap Song,Run This Town,Jay-Z featuring Rihanna and Kanye West,1
2010,Best Rap Song,Best I Ever Had,Drake,0
2010,Best Rap Song,Day 'n' Nite,Kid Cudi,0
2010,Best Rap Song,Dead and Gone,T.I. featuring Justin Timberlake,0
2010,Best Rap Song,D.O.A. (Death of Auto-Tune),Jay-Z,0
2011,Best Rap Song,Empire State of Mind,Jay-Z featuring Alicia Keys,1
2011,Best Rap Song,Love the Way You Lie,Eminem featuring Rihanna,0
2011,Best Rap Song,Not Afraid,Eminem,0
2011,Best Rap Song,Nothin' on You,B.o.B featuring Bruno Mars,0
2011,Best Rap Song,On to the Next One,Jay-Z and Swizz Beatz,0
2012,Best Rap Song,All of the Lights,"Kanye West featuring Rihanna, Kid Cudi and Fergie",1
2012,Best Rap Song,Black and Yellow,Wiz Khalifa,0
2012,Best Rap Song,I Need a Doctor,"Dr. Dre, Eminem and Skylar Grey",0
2012,Best Rap Song,Look at Me Now,"Chris Brown, Lil Wayne and Busta Rhymes",0
2012,Best Rap Song,Otis,Jay-Z and Kanye West,0
2012,Best Rap Song,The Show Goes On,Lupe Fiasco,0
2013,Best Rap Song,Niggas in Paris,Jay-Z and Kanye West,1
2013,Best Rap Song,Daughters,Nas,0
2013,Best Rap Song,Lotus Flower Bomb,Wale featuring Miguel,0
2013,Best Rap Song,Mercy,"Kanye West featuring Big Sean, Pusha T and 2 Chainz",0
2013,Best Rap Song,The Motto,Drake featuring Lil Wayne and Tyga,0
2013,Best Rap Song,"Young, Wild & Free",Snoop Dogg and Wiz Khalifa featuring Bruno Mars,0
2014,Best Rap Song,Thrift Shop,Macklemore & Ryan Lewis featuring Wanz,1
2014,Best Rap Song,Fuckin' Problems,"ASAP Rocky featuring Drake, 2 Chainz and Kendrick Lamar",0
2014,Best Rap Song,Holy Grail,Jay-Z featuring Justin Timberlake,0
2014,Best Rap Song,New Slaves,Kanye West,0
2014,Best Rap Song,Started from the Bottom,Drake,0
2015,Best Rap Song,I,Kendrick Lamar,1
2015,Best Rap Song,Anaconda,Nicki Minaj,0
2015,Best Rap Song,Bound 2,Kanye West featuring Charlie Wilson,0
2015,Best Rap Song,We Dem Boyz,Wiz Khalifa,0
2015,Best Rap Song,0 to 100 / The Catch Up,Drake,0
2016,Best Rap Song,Alright,Kendrick Lamar,1
2016,Best Rap Song,All Day,"Kanye West featuring Theophilus London, Allan Kingdom and Paul McCartney",0
2016,Best Rap Song,Energy,Drake,0
2016,Best Rap Song,Glory,Common and John Legend,0
2016,Best Rap Song,Trap Queen,Fetty Wap,0
2017,Best Rap Song,Hotline Bling,Drake,1
2017,Best Rap Song,All the Way Up,Fat Joe and Remy Ma featuring French Montana and Infared,0
2017,Best Rap Song,Famous,Kanye West featuring Rihanna,0
2017,Best Rap Song,No Problem,Chance the Rapper featuring Lil Wayne and 2 Chainz,0
2017,Best Rap Song,Ultralight Beam,"Kanye West featuring Chance the Rapper, Kelly Price, Kirk Franklin and The-Dream",0
2018,Best Rap Song,Humble.,Kendrick Lamar,1
2018,Best Rap Song,Bodak Yellow,Cardi B,0
2018,Best Rap Song,Chase Me,Danger Mouse featuring Run the Jewels and Big Boi,0
2018,Best Rap Song,Sassy,Rapsody,0
2018,Best Rap Song,The Story of O.J.,Jay-Z,0
2019,Best Rap Song,God's Plan,Drake,1
2019,Best Rap Song,King's Dead,"Kendrick Lamar, Jay Rock, Future and James Blake",0
2019,Best Rap Song,Lucky You,Eminem featuring Joyner Lucas,0
2019,Best Rap Song,Sicko Mode,"Travis Scott featuring Drake, Big Hawk and Swae Lee",0
2019,Best Rap Song,Win,Jay Rock,0
2020,Best Rap Song,A Lot,21 Savage featuring J. Cole,1
2020,Best Rap Song,Bad Idea,YBN Cordae featuring Chance the Rapper,0
2020,Best Rap Song,Gold Roses,Rick Ross featuring Drake,0
2020,Best Rap Song,Racks in the Middle,Nipsey Hussle featuring Roddy Ricch and Hit-Boy,0
2020,Best Rap Song,Suge,DaBaby,0
2021,Best Rap Song,Savage,Megan Thee Stallion featuring Beyoncé,1
2021,Best Rap Song,The Bigger Picture,Lil Baby,0
2021,Best Rap Song,The Box,Roddy Ricch,0
2021,Best Rap Song,Laugh Now Cry Later,Drake featuring Lil Durk,0
2021,Best Rap Song,ROCKSTAR,DaBaby featuring Roddy Ricch,0
2022,Best Rap Song,Jail,Kanye West featuring Jay-Z,1
2022,Best Rap Song,Bath Salts,DMX featuring Jay-Z and Nas,0
2022,Best Rap Song,Best Friend,Saweetie featuring Amala Zandile Dlamini,0
2022,Best Rap Song,Family Ties,Baby Keem featuring Kendrick Lamar,0
2022,Best Rap Song,My Life,J. Cole featuring 21 Savage and Morray,0
2023,Best Rap Song,The Heart Part 5,Kendrick Lamar,1
2023,Best Rap Song,Churchill Downs,Jack Harlow featuring Drake,0
2023,Best Rap Song,God Did,"DJ Khaled featuring Rick Ross, Lil Wayne, Shawn Carter, John Legend and Fridayy",0
2023,Best Rap Song,Pushin P,Gunna and Future featuring Young Thug,0
2023,Best Rap Song,Wait for U,Future featuring Drake and Temilade Openiyi,0
2024,Best Rap Song,Scientists & Engineers,"Killer Mike featuring André 3000, Future and Eryn Allen Kane",1
2024,Best Rap Song,Attention,Doja Cat,0
2024,Best Rap Song,Barbie World,Nicki Minaj and Ice Spice featuring Aqua,0
2024,Best Rap Song,Just Wanna Rock,Lil Uzi Vert,0
2024,Best Rap Song,Rich Flex,Drake and 21 Savage,0
2025,Best Rap Song,Not Like Us,Kendrick Lamar,1
2025,Best Rap Song,Asteroids,Rapsody featuring Hit-Boy,0
2025,Best Rap Song,Carnival,¥$ (Kanye West and Ty Dolla Sign) featuring Rich the Kid and Playboi Carti,0
2025,Best Rap Song,Like That,Future and Metro Boomin featuring Kendrick Lamar,0
2025,Best Rap Song,Yeah Glo!,GloRilla,0
2026,Best Rap Song,TV Off,Kendrick Lamar featuring Lefty Gunplay,1
2026,Best Rap Song,Anxiety,Doechii,0
2026,Best Rap Song,The Birds Don't Sing,"Clipse, Pusha T and Malice featuring John Legend and Voices of Fire",0
2026,Best Rap Song,Sticky,"Tyler, the Creator featuring GloRilla, Sexyy Red and Lil Wayne",0
2026,Best Rap Song,TGIF,GloRilla,0
1989,Best Rap Performance,Parents Just Don't Understand,DJ Jazzy Jeff & the Fresh Prince,1
1989,Best Rap Performance,Supersonic,J. J. Fad,0
1989,Best Rap Performance,Wild Wild West,Kool Moe Dee,0
1989,Best Rap Performance,Going Back to Cali,LL Cool J,0
1989,Best Rap Performance,Push It,Salt-n-Pepa,0
1990,Best Rap Performance,Bust a Move,Young MC,1
1990,Best Rap Performance,Me Myself and I,De La Soul,0
1990,Best Rap Performance,I Think I Can Beat Mike Tyson,DJ Jazzy Jeff & the Fresh Prince,0
1990,Best Rap Performance,Fight the Power,Public Enemy,0
1990,Best Rap Performance,Funky Cold Medina,Tone Lōc,0
2012,Best Rap Performance,Otis,Jay-Z and Kanye West,1
2012,Best Rap Performance,Look at Me Now,Chris Brown featuring Lil Wayne and Busta Rhymes,0
2012,Best Rap Performance,The Show Goes On,Lupe Fiasco,0
2012,Best Rap Performance,Moment 4 Life,Nicki Minaj featuring Drake,0
2012,Best Rap Performance,Black and Yellow,Wiz Khalifa,0
2013,Best Rap Performance,Niggas in Paris,Jay-Z and Kanye West,1
2013,Best Rap Performance,HYFR (Hell Ya Fucking Right),Drake featuring Lil Wayne,0
2013,Best Rap Performance,Daughters,Nas,0
2013,Best Rap Performance,Mercy,"Kanye West, Big Sean, Pusha T and 2 Chainz",0
2013,Best Rap Performance,I Do,Young Jeezy featuring Jay-Z and André 3000,0
2014,Best Rap Performance,Thrift Shop,Macklemore and Ryan Lewis featuring Wanz,1
2014,Best Rap Performance,Started from the Bottom,Drake,0
2014,Best Rap Performance,Berzerk,Eminem,0
2014,Best Rap Performance,Tom Ford,Jay-Z,0
2014,Best Rap Performance,Swimming Pools (Drank),Kendrick Lamar,0
2015,Best Rap Performance,I,Kendrick Lamar,1
2015,Best Rap Performance,3005,Childish Gambino,0
2015,Best Rap Performance,0 to 100 / The Catch Up,Drake,0
2015,Best Rap Performance,Rap God,Eminem,0
2015,Best Rap Performance,All I Need Is You,Lecrae,0
2016,Best Rap Performance,Alright,Kendrick Lamar,1
2016,Best Rap Performance,Apparently,J. Cole,0
2016,Best Rap Performance,Back to Back,Drake,0
2016,Best Rap Performance,Trap Queen,Fetty Wap,0
2016,Best Rap Performance,Truffle Butter,Nicki Minaj featuring Drake and Lil Wayne,0
2016,Best Rap Performance,All Day,"Kanye West featuring Theophilus London, Allan Kingdom and Paul McCartney",0
2017,Best Rap Performance,No Problem,Chance the Rapper featuring Lil Wayne and 2 Chainz,1
2017,Best Rap Performance,Panda,Desiigner,0
2017,Best Rap Performance,Pop Style,Drake featuring The Throne,0
2017,Best Rap Performance,All the Way Up,Fat Joe and Remy Ma featuring French Montana and Infared,0
2017,Best Rap Performance,That Part,ScHoolboy Q featuring Kanye West,0
2018,Best Rap Performance,Humble.,Kendrick Lamar,1
2018,Best Rap Performance,Bounce Back,Big Sean,0
2018,Best Rap Performance,Bodak Yellow,Cardi B,0
2018,Best Rap Performance,4:44,Jay-Z,0
2018,Best Rap Performance,Bad and Boujee,Migos featuring Lil Uzi Vert,0
2019,Best Rap Performance,Bubblin,Anderson .Paak (TIE),1
2019,Best Rap Performance,King's Dead,"Kendrick Lamar, Jay Rock, Future and James Blake (TIE)",1
2019,Best Rap Performance,Be Careful,Cardi B,0
2019,Best Rap Performance,Nice for What,Drake,0
2019,Best Rap Performance,Sicko Mode,"Travis Scott, Drake, Swae Lee and Big Hawk",0
2020,Best Rap Performance,Racks in the Middle,Nipsey Hussle featuring Roddy Ricch and Hit-Boy,1
2020,Best Rap Performance,Middle Child,J. Cole,0
2020,Best Rap Performance,Suge,DaBaby,0
2020,Best Rap Performance,Down Bad,"Dreamville featuring JID, Bas, J. Cole, EarthGang and Young Nudy",0
2020,Best Rap Performance,Clout,Offset featuring Cardi B,0
2021,Best Rap Performance,Savage,Megan Thee Stallion featuring Beyoncé,1
2021,Best Rap Performance,Deep Reverence,Big Sean featuring Nipsey Hussle,0
2021,Best Rap Performance,BOP,DaBaby,0
2021,Best Rap Performance,Whats Poppin,Jack Harlow,0
2021,Best Rap Performance,The Bigger Picture,Lil Baby,0
2021,Best Rap Performance,Dior,Pop Smoke,0
2022,Best Rap Performance,Family Ties,Baby Keem and Kendrick Lamar,1
2022,Best Rap Performance,Up,Cardi B,0
2022,Best Rap Performance,My Life,J. Cole featuring 21 Savage and Morray,0
2022,Best Rap Performance,Way 2 Sexy (withdrawn),Drake featuring Future and Young Thug,0
2022,Best Rap Performance,Thot Shit,Megan Thee Stallion,0
2023,Best Rap Performance,The Heart Part 5,Kendrick Lamar,1
2023,Best Rap Performance,God Did,"DJ Khaled featuring Rick Ross, Lil Wayne, Jay-Z, John Legend and Fridayy",0
2023,Best Rap Performance,Vegas,Doja Cat,0
2023,Best Rap Performance,Pushin P,Gunna and Future featuring Young Thug,0
2023,Best Rap Performance,F.N.F. (Let's Go),Hitkidd and GloRilla,0
2024,Best Rap Performance,Scientists & Engineers,"Killer Mike featuring André 3000, Future and Eryn Allen Kane",1
2024,Best Rap Performance,The Hillbillies,Baby Keem featuring Kendrick Lamar,0
2024,Best Rap Performance,Love Letter,Black Thought,0
2024,Best Rap Performance,Rich Flex,Drake and 21 Savage,0
2024,Best Rap Performance,Players,Coi Leray,0
2025,Best Rap Performance,Not Like Us,Kendrick Lamar,1
2025,Best Rap Performance,Enough (Miami),Cardi B,0
2025,Best Rap Performance,When the Sun Shines Again,Common and Pete Rock featuring Posdnuos,0
2025,Best Rap Performance,Nissan Altima,Doechii,0
2025,Best Rap Performance,Like That,"Future, Metro Boomin and Kendrick Lamar",0
2025,Best Rap Performance,Yeah Glo!,GloRilla,0
2026,Best Rap Performance,Chains & Whips,Clipse featuring Kendrick Lamar and Pharrell Williams,1
2026,Best Rap Performance,Outside,Cardi B,0
2026,Best Rap Performance,Anxiety,Doechii,0
2026,Best Rap Performance,TV Off,Kendrick Lamar featuring Lefty Gunplay,0
2026,Best Rap Performance,"Darling, I","Tyler, the Creator featuring Teezo Touchdown",0
2002,Best Melodic Rap Performance,Let Me Blow Ya Mind,Eve featuring Gwen Stefani,1
2002,Best Melodic Rap Performance,Livin' It Up,Ja Rule featuring Case,0
2002,Best Melodic Rap Performance,Where the Party At,Jagged Edge featuring Nelly,0
2002,Best Melodic Rap Performance,Area Codes,Ludacris featuring Nate Dogg,0
2002,Best Melodic Rap Performance,W,Mystic featuring Planet Asia,0
2003,Best Melodic Rap Performance,Dilemma,Nelly featuring Kelly Rowland,1
2003,Best Melodic Rap Performance,What's Luv?,Fat Joe featuring Ashanti,0
2003,Best Melodic Rap Performance,Always on Time,Ja Rule featuring Ashanti,0
2003,Best Melodic Rap Performance,Po' Folks,Nappy Roots featuring Anthony Hamilton,0
2003,Best Melodic Rap Performance,Like I Love You,Justin Timberlake featuring Clipse,0
2004,Best Melodic Rap Performance,Crazy in Love,Beyoncé featuring Jay-Z,1
2004,Best Melodic Rap Performance,Where Is the Love?,The Black Eyed Peas featuring Justin Timberlake,0
2004,Best Melodic Rap Performance,Luv U Better,LL Cool J featuring Marc Dorsey,0
2004,Best Melodic Rap Performance,Beautiful,Snoop Dogg featuring Pharrell and Uncle Charlie Wilson,0
2004,Best Melodic Rap Performance,Frontin,Pharrell featuring Jay-Z,0
2005,Best Melodic Rap Performance,Yeah!,Usher featuring Ludacris and Lil Jon,1
2005,Best Melodic Rap Performance,All Falls Down,Kanye West featuring Syleena Johnson,0
2005,Best Melodic Rap Performance,Dip It Low,Christina Milian featuring Fabolous,0
2005,Best Melodic Rap Performance,Why,Jadakiss featuring Anthony Hamilton,0
2005,Best Melodic Rap Performance,Slow Jamz,Twista featuring Jamie Foxx and Kanye West,0
2006,Best Melodic Rap Performance,Numb/Encore,Linkin Park and Jay-Z,1
2006,Best Melodic Rap Performance,Rich Girl,Gwen Stefani featuring Eve,0
2006,Best Melodic Rap Performance,Soldier,Destiny's Child featuring T.I. and Lil Wayne,0
2006,Best Melodic Rap Performance,They Say,Common featuring John Legend and Kanye West,0
2006,Best Melodic Rap Performance,"1, 2 Step",Ciara featuring Missy Elliott,0
2007,Best Melodic Rap Performance,My Love,Justin Timberlake featuring T.I.,1
2007,Best Melodic Rap Performance,Smack That,Akon featuring Eminem,0
2007,Best Melodic Rap Performance,Déjà Vu,Beyoncé featuring Jay-Z,0
2007,Best Melodic Rap Performance,Shake That,Eminem featuring Nate Dogg,0
2007,Best Melodic Rap Performance,Unpredictable,Jamie Foxx featuring Ludacris,0
2008,Best Melodic Rap Performance,Umbrella,Rihanna featuring Jay-Z,1
2008,Best Melodic Rap Performance,Kiss Kiss,Chris Brown featuring T-Pain,0
2008,Best Melodic Rap Performance,I Wanna Love You,Akon featuring Snoop Dogg,0
2008,Best Melodic Rap Performance,Let It Go,Keyshia Cole featuring Lil' Kim and Missy Elliott,0
2008,Best Melodic Rap Performance,Good Life,Kanye West featuring T-Pain,0
2009,Best Melodic Rap Performance,American Boy,Estelle featuring Kanye West,1
2009,Best Melodic Rap Performance,Low,Flo Rida featuring T-Pain,0
2009,Best Melodic Rap Performance,Green Light,John Legend featuring André 3000,0
2009,Best Melodic Rap Performance,Got Money,Lil Wayne featuring T-Pain,0
2009,Best Melodic Rap Performance,Superstar,Lupe Fiasco featuring Matthew Santos,0
2010,Best Melodic Rap Performance,Run This Town,Jay-Z featuring Rihanna and Kanye West,1
2010,Best Melodic Rap Performance,Ego,Beyoncé featuring Kanye West,0
2010,Best Melodic Rap Performance,Knock You Down,Keri Hilson featuring Kanye West and Ne-Yo,0
2010,Best Melodic Rap Performance,I'm on a Boat,The Lonely Island featuring T-Pain,0
2010,Best Melodic Rap Performance,Dead and Gone,T.I. featuring Justin Timberlake,0
2011,Best Melodic Rap Performance,Empire State of Mind,Jay-Z featuring Alicia Keys,1
2011,Best Melodic Rap Performance,Nothin' on You,B.o.B featuring Bruno Mars,0
2011,Best Melodic Rap Performance,Deuces,Chris Brown featuring Tyga and Kevin McCall,0
2011,Best Melodic Rap Performance,Love the Way You Lie,Eminem featuring Rihanna,0
2011,Best Melodic Rap Performance,Wake Up Everybody,"John Legend featuring The Roots, Melanie Fiona and Common",0
2012,Best Melodic Rap Performance,All of the Lights,"Kanye West, Rihanna, Kid Cudi and Fergie",1
2012,Best Melodic Rap Performance,Party,Beyoncé and André 3000,0
2012,Best Melodic Rap Performance,I'm On One,"DJ Khaled, Drake, Rick Ross and Lil Wayne",0
2012,Best Melodic Rap Performance,I Need a Doctor,"Dr. Dre, Eminem and Skylar Grey",0
2012,Best Melodic Rap Performance,What's My Name?,Rihanna and Drake,0
2012,Best Melodic Rap Performance,Motivation,Kelly Rowland and Lil Wayne,0
2013,Best Melodic Rap Performance,No Church in the Wild,"Jay-Z, Kanye West, Frank Ocean and The-Dream",1
2013,Best Melodic Rap Performance,Wild Ones,Flo Rida and Sia,0
2013,Best Melodic Rap Performance,Tonight (Best You Ever Had),John Legend and Ludacris,0
2013,Best Melodic Rap Performance,Cherry Wine,Nas and Amy Winehouse,0
2013,Best Melodic Rap Performance,Talk That Talk,Rihanna and Jay-Z,0
2014,Best Melodic Rap Performance,Holy Grail,Jay-Z and Justin Timberlake,1
2014,Best Melodic Rap Performance,Power Trip,J. Cole and Miguel,0
2014,Best Melodic Rap Performance,Part II (On the Run),Jay-Z and Beyoncé,0
2014,Best Melodic Rap Performance,Now or Never,Kendrick Lamar and Mary J. Blige,0
2014,Best Melodic Rap Performance,Remember You,Wiz Khalifa and The Weeknd,0
2015,Best Melodic Rap Performance,The Monster,Eminem featuring Rihanna,1
2015,Best Melodic Rap Performance,Blak Majik,Common featuring Jhené Aiko,0
2015,Best Melodic Rap Performance,Tuesday,ILoveMakonnen featuring Drake,0
2015,Best Melodic Rap Performance,Studio,Schoolboy Q featuring BJ the Chicago Kid,0
2015,Best Melodic Rap Performance,Bound 2,Kanye West featuring Charlie Wilson,0
2016,Best Melodic Rap Performance,These Walls,"Kendrick Lamar featuring Bilal, Anna Wise and Thundercat",1
2016,Best Melodic Rap Performance,One Man Can Change the World,Big Sean featuring Kanye West and John Legend,0
2016,Best Melodic Rap Performance,Glory,Common and John Legend,0
2016,Best Melodic Rap Performance,Classic Man,Jidenna featuring Roman GianArthur,0
2016,Best Melodic Rap Performance,Only,"Nicki Minaj featuring Drake, Lil Wayne & Chris Brown",0
2017,Best Melodic Rap Performance,Hotline Bling,Drake,1
2017,Best Melodic Rap Performance,Freedom,Beyoncé featuring Kendrick Lamar,0
2017,Best Melodic Rap Performance,Broccoli,DRAM featuring Lil Yachty,0
2017,Best Melodic Rap Performance,Ultralight Beam,"Kanye West featuring Chance the Rapper, Kelly Price, Kirk Franklin and The-Dream",0
2017,Best Melodic Rap Performance,Famous,Kanye West featuring Rihanna,0
2018,Best Melodic Rap Performance,Loyalty,Kendrick Lamar featuring Rihanna,1
2018,Best Melodic Rap Performance,Prblms,6lack,0
2018,Best Melodic Rap Performance,Crew,GoldLink featuring Brent Faiyaz and Shy Glizzy,0
2018,Best Melodic Rap Performance,Family Feud,Jay-Z featuring Beyoncé,0
2018,Best Melodic Rap Performance,Love Galore,SZA featuring Travis Scott,0
2019,Best Melodic Rap Performance,This Is America,Childish Gambino,1
2019,Best Melodic Rap Performance,Like I Do,Christina Aguilera featuring GoldLink,0
2019,Best Melodic Rap Performance,Pretty Little Fears,6LACK featuring J. Cole,0
2019,Best Melodic Rap Performance,All the Stars,Kendrick Lamar and SZA,0
2019,Best Melodic Rap Performance,Rockstar,Post Malone featuring 21 Savage,0
2020,Best Melodic Rap Performance,Higher,DJ Khaled featuring Nipsey Hussle and John Legend,1
2020,Best Melodic Rap Performance,Drip Too Hard,Lil Baby and Gunna,0
2020,Best Melodic Rap Performance,Panini,Lil Nas X,0
2020,Best Melodic Rap Performance,Ballin,Mustard featuring Roddy Ricch,0
2020,Best Melodic Rap Performance,The London,Young Thug featuring J. Cole and Travis Scott,0
2021,Best Melodic Rap Performance,Lockdown,Anderson .Paak,1
2021,Best Melodic Rap Performance,Rockstar,DaBaby featuring Roddy Ricch,0
2021,Best Melodic Rap Performance,Laugh Now Cry Later,Drake featuring Lil Durk,0
2021,Best Melodic Rap Performance,The Box,Roddy Ricch,0
2021,Best Melodic Rap Performance,Highest in the Room,Travis Scott,0
2022,Best Melodic Rap Performance,Hurricane,Kanye West featuring The Weeknd and Lil Baby,1
2022,Best Melodic Rap Performance,Pride Is the Devil,J. Cole featuring Lil Baby,0
2022,Best Melodic Rap Performance,Need to Know,Doja Cat,0
2022,Best Melodic Rap Performance,Industry Baby,Lil Nas X featuring Jack Harlow,0
2022,Best Melodic Rap Performance,WusYaName,"Tyler, the Creator featuring Youngboy Never Broke Again and Ty Dolla $ign",0
2023,Best Melodic Rap Performance,Wait for U,Future featuring Drake and Tems,1
2023,Best Melodic Rap Performance,Beautiful,DJ Khaled featuring Future and SZA,0
2023,Best Melodic Rap Performance,First Class,Jack Harlow,0
2023,Best Melodic Rap Performance,Die Hard,Kendrick Lamar featuring Blxst and Amanda Reifer,0
2023,Best Melodic Rap Performance,Big Energy (Live),Latto,0
2024,Best Melodic Rap Performance,All My Life,Lil Durk featuring J. Cole,1
2024,Best Melodic Rap Performance,Sittin' on Top of the World,Burna Boy featuring 21 Savage,0
2024,Best Melodic Rap Performance,Attention,Doja Cat,0
2024,Best Melodic Rap Performance,Spin Bout U,Drake and 21 Savage,0
2024,Best Melodic Rap Performance,Low,SZA,0
2025,Best Melodic Rap Performance,3:AM,Rapsody featuring Erykah Badu,1
2025,Best Melodic Rap Performance,Kehlani,Jordan Adetunji featuring Kehlani,0
2025,Best Melodic Rap Performance,Spaghettii,"Beyoncé, Linda Martell and Shaboozey",0
2025,Best Melodic Rap Performance,We Still Don't Trust You,"Future, Metro Boomin and The Weeknd",0
2025,Best Melodic Rap Performance,Big Mama,Latto,0
2026,Best Melodic Rap Performance,Luther,Kendrick Lamar and SZA,1
2026,Best Melodic Rap Performance,Proud of Me,Fridayy featuring Meek Mill,0
2026,Best Melodic Rap Performance,Wholeheartedly,JID featuring Ty Dolla Sign and 6lack,0
2026,Best Melodic Rap Performance,WeMaj,Terrace Martin and Kenyon Dixon featuring Rapsody,0
2026,Best Melodic Rap Performance,Somebody Loves Me,PartyNextDoor and Drake,0
1990,Best Metal Performance,One,Metallica,1
1990,Best Metal Performance,Beast from the East,Dokken,0
1990,Best Metal Performance,The Real Thing,Faith No More,0
1990,Best Metal Performance,I Don't Believe in Love,Queensrÿche,0
1990,Best Metal Performance,Ultramega OK,Soundgarden,0
1991,Best Metal Performance,Stone Cold Crazy,Metallica,1
1991,Best Metal Performance,Persistence of Time,Anthrax,0
1991,Best Metal Performance,Painkiller,Judas Priest,0
1991,Best Metal Performance,Rust in Peace,Megadeth,0
1991,Best Metal Performance,Lights...Camera...Revolution!,Suicidal Tendencies,0
1992,Best Metal Performance,Metallica,Metallica,1
1992,Best Metal Performance,Attack of the Killer B's,Anthrax,0
1992,Best Metal Performance,Hangar 18,Megadeth,0
1992,Best Metal Performance,1916,Motörhead,0
1992,Best Metal Performance,Badmotorfinger,Soundgarden,0
1993,Best Metal Performance,Wish,Nine Inch Nails,1
1993,Best Metal Performance,In the Meantime,Helmet,0
1993,Best Metal Performance,Countdown to Extinction,Megadeth,0
1993,Best Metal Performance,N.W.O.,Ministry,0
1993,Best Metal Performance,Into the Void (Sealth),Soundgarden,0
1994,Best Metal Performance,I Don't Want to Change the World (Live),Ozzy Osbourne,1
1994,Best Metal Performance,Fear of the Dark (Live),Iron Maiden,0
1994,Best Metal Performance,Angry Again,Megadeth,0
1994,Best Metal Performance,Institutionalized,Suicidal Tendencies,0
1994,Best Metal Performance,Thunder Kiss '65,White Zombie,0
1995,Best Metal Performance,Spoonman,Soundgarden,1
1995,Best Metal Performance,Bring the Noise (Live),Anthrax and Public Enemy,0
1995,Best Metal Performance,99 Ways to Die,Megadeth,0
1995,Best Metal Performance,I'm Broken,Pantera,0
1995,Best Metal Performance,Liar,Rollins Band,0
1996,Best Metal Performance,Happiness in Slavery (Live),Nine Inch Nails,1
1996,Best Metal Performance,S.F.W.,Gwar,0
1996,Best Metal Performance,Paranoid,Megadeth,0
1996,Best Metal Performance,For Whom the Bell Tolls (Live),Metallica,0
1996,Best Metal Performance,More Human than Human,White Zombie,0
1997,Best Metal Performance,Tire Me,Rage Against the Machine,1
1997,Best Metal Performance,Hands of Death (Burn Baby Burn),Alice Cooper and Rob Zombie,0
1997,Best Metal Performance,Shoots and Ladders,Korn,0
1997,Best Metal Performance,"Suicide Note, Pt. I",Pantera,0
1997,Best Metal Performance,I'm Your Boogie Man,White Zombie,0
1998,Best Metal Performance,Ænema,Tool,1
1998,Best Metal Performance,Drowning in a Daydream,Corrosion of Conformity,0
1998,Best Metal Performance,No Place to Hide,Korn,0
1998,Best Metal Performance,Trust,Megadeth,0
1998,Best Metal Performance,Cemetery Gates (Live),Pantera,0
1999,Best Metal Performance,Better than You,Metallica,1
1999,Best Metal Performance,Bullet Train,Judas Priest,0
1999,Best Metal Performance,Fried Chicken and Coffee,Nashville Pussy,0
1999,Best Metal Performance,No Shelter,Rage Against the Machine,0
1999,Best Metal Performance,Du hast,Rammstein,0
2000,Best Metal Performance,Iron Man (Live),Black Sabbath,1
2000,Best Metal Performance,Bad Blood,Ministry,0
2000,Best Metal Performance,Enter Sandman,Motörhead,0
2000,Best Metal Performance,"Starfuckers, Inc.",Nine Inch Nails,0
2000,Best Metal Performance,Superbeast,Rob Zombie,0
2001,Best Metal Performance,Elite,Deftones,1
2001,Best Metal Performance,The Wicker Man,Iron Maiden,0
2001,Best Metal Performance,Astonishing Panorama of the Endtimes,Marilyn Manson,0
2001,Best Metal Performance,Revolution Is My Name,Pantera,0
2001,Best Metal Performance,Wait and Bleed,Slipknot,0
2002,Best Metal Performance,Schism,Tool,1
2002,Best Metal Performance,The Wizard (Live),Black Sabbath,0
2002,Best Metal Performance,Disciple,Slayer,0
2002,Best Metal Performance,Left Behind,Slipknot,0
2002,Best Metal Performance,Chop Suey!,System of a Down,0
2003,Best Metal Performance,Here to Stay,Korn,1
2003,Best Metal Performance,Portrait,P.O.D.,0
2003,Best Metal Performance,My Plague,Slipknot,0
2003,Best Metal Performance,Get Inside,Stone Sour,0
2003,Best Metal Performance,Never Gonna Stop (The Red Red Kroovy),Rob Zombie,0
2004,Best Metal Performance,St. Anger,Metallica,1
2004,Best Metal Performance,Did My Time,Korn,0
2004,Best Metal Performance,Mobscene,Marilyn Manson,0
2004,Best Metal Performance,Smothered,Spineshank,0
2004,Best Metal Performance,Inhale,Stone Sour,0
2005,Best Metal Performance,Whiplash,Motörhead,1
2005,Best Metal Performance,Nymphetamine (Overdose),Cradle of Filth,0
2005,Best Metal Performance,Live for This,Hatebreed,0
2005,Best Metal Performance,The End of Heartache,Killswitch Engage,0
2005,Best Metal Performance,Vermilion,Slipknot,0
2006,Best Metal Performance,Before I Forget,Slipknot,1
2006,Best Metal Performance,The Great Satan (Remix),Ministry,0
2006,Best Metal Performance,Determined,Mudvayne,0
2006,Best Metal Performance,Mein Teil,Rammstein,0
2006,Best Metal Performance,What Drives the Weak,Shadows Fall,0
2007,Best Metal Performance,Eyes of the Insane,Slayer,1
2007,Best Metal Performance,Redneck,Lamb of God,0
2007,Best Metal Performance,Colony of Birchmen,Mastodon,0
2007,Best Metal Performance,LiesLiesLies,Ministry,0
2007,Best Metal Performance,30/30-150,Stone Sour,0
2008,Best Metal Performance,Final Six,Slayer,1
2008,Best Metal Performance,Nothing Left,As I Lay Dying,0
2008,Best Metal Performance,Never Ending Hill,King Diamond,0
2008,Best Metal Performance,Aesthetics of Hate,Machine Head,0
2008,Best Metal Performance,Redemption,Shadows Fall,0
2009,Best Metal Performance,My Apocalypse,Metallica,1
2009,Best Metal Performance,Heroes of Our Time,DragonForce,0
2009,Best Metal Performance,Nostradamus,Judas Priest,0
2009,Best Metal Performance,Under My Thumb,Ministry,0
2009,Best Metal Performance,Psychosocial,Slipknot,0
2010,Best Metal Performance,Dissident Aggressor (Live),Judas Priest,1
2010,Best Metal Performance,Set to Fail,Lamb of God,0
2010,Best Metal Performance,Head Crusher,Megadeth,0
2010,Best Metal Performance,Señor Peligro (Live),Ministry,0
2010,Best Metal Performance,Hate Worldwide,Slayer,0
2011,Best Metal Performance,El Dorado,Iron Maiden,1
2011,Best Metal Performance,Let the Guilt Go,Korn,0
2011,Best Metal Performance,In Your Words,Lamb of God,0
2011,Best Metal Performance,Sudden Death,Megadeth,0
2011,Best Metal Performance,World Painted Blood,Slayer,0
2014,Best Metal Performance,God Is Dead?,Black Sabbath,1
2014,Best Metal Performance,T.N.T.,Anthrax,0
2014,Best Metal Performance,The Enemy Inside,Dream Theater,0
2014,Best Metal Performance,In Due Time,Killswitch Engage,0
2014,Best Metal Performance,Room 24,Volbeat featuring King Diamond,0
2015,Best Metal Performance,The Last in Line,Tenacious D,1
2015,Best Metal Performance,Neon Knights,Anthrax,0
2015,Best Metal Performance,High Road,Mastodon,0
2015,Best Metal Performance,Heartbreaker,Motörhead,0
2015,Best Metal Performance,The Negative One,Slipknot,0
2016,Best Metal Performance,Cirice,Ghost,1
2016,Best Metal Performance,Identity,August Burns Red,0
2016,Best Metal Performance,512,Lamb of God,0
2016,Best Metal Performance,Thank You,Sevendust,0
2016,Best Metal Performance,Custer,Slipknot,0
2017,Best Metal Performance,Dystopia,Megadeth,1
2017,Best Metal Performance,Shock Me,Baroness,0
2017,Best Metal Performance,Silvera,Gojira,0
2017,Best Metal Performance,Rotting in Vain,Korn,0
2017,Best Metal Performance,The Price Is Wrong,Periphery,0
2018,Best Metal Performance,Sultan's Curse,Mastodon,1
2018,Best Metal Performance,Invisible Enemy,August Burns Red,0
2018,Best Metal Performance,Black Hoodie,Body Count,0
2018,Best Metal Performance,Forever,Code Orange,0
2018,Best Metal Performance,Clockworks,Meshuggah,0
2019,Best Metal Performance,Electric Messiah,High on Fire,1
2019,Best Metal Performance,Condemned to the Gallows,Between the Buried and Me,0
2019,Best Metal Performance,Honeycomb,Deafheaven,0
2019,Best Metal Performance,Betrayer,Trivium,0
2019,Best Metal Performance,On My Teeth,Underoath,0
2020,Best Metal Performance,7empest,Tool,1
2020,Best Metal Performance,Astorolus - The Great Octopus,Candlemass featuring Tony Iommi,0
2020,Best Metal Performance,Humanicide,Death Angel,0
2020,Best Metal Performance,Bow Down,I Prevail,0
2020,Best Metal Performance,Unleashed,Killswitch Engage,0
2021,Best Metal Performance,Bum-Rush,Body Count,1
2021,Best Metal Performance,Underneath,Code Orange,0
2021,Best Metal Performance,The In-Between,In This Moment,0
2021,Best Metal Performance,Bloodmoney,Poppy,0
2021,Best Metal Performance,Executioner's Tax (Swing of the Axe) (Live),Power Trip,0
2022,Best Metal Performance,The Alien,Dream Theater,1
2022,Best Metal Performance,Genesis,Deftones,0
2022,Best Metal Performance,Amazonia,Gojira,0
2022,Best Metal Performance,Pushing the Tides,Mastodon,0
2022,Best Metal Performance,The Triumph of King Freak (A Crypt of Preservation and Superstition),Rob Zombie,0
2023,Best Metal Performance,Degradation Rules,Ozzy Osbourne featuring Tony Iommi,1
2023,Best Metal Performance,Call Me Little Sunshine,Ghost,0
2023,Best Metal Performance,We'll Be Back,Megadeth,0
2023,Best Metal Performance,Kill or Be Killed,Muse,0
2023,Best Metal Performance,Blackout,Turnstile,0
2024,Best Metal Performance,72 Seasons,Metallica,1
2024,Best Metal Performance,Bad Man,Disturbed,0
2024,Best Metal Performance,Phantom of the Opera,Ghost,0
2024,Best Metal Performance,Hive Mind,Slipknot,0
2024,Best Metal Performance,Jaded,Spiritbox,0
2025,Best Metal Performance,Mea Culpa (Ah! Ça ira!),"Gojira, Marina Viotti and Victor Le Masne",1
2025,Best Metal Performance,Crown of Horns,Judas Priest,0
2025,Best Metal Performance,Suffocate,Knocked Loose featuring Poppy,0
2025,Best Metal Performance,Screaming Suicide,Metallica,0
2025,Best Metal Performance,Cellar Door,Spiritbox,0
2026,Best Metal Performance,Birds,Turnstile,1
2026,Best Metal Performance,Night Terror,Dream Theater,0
2026,Best Metal Performance,Lachryma,Ghost,0
2026,Best Metal Performance,Emergence,Sleep Token,0
2026,Best Metal Performance,Soft Spine,Spiritbox,0
1991,Best Alternative Music Album,I Do Not Want What I Haven't Got,Sinéad O'Connor,1
1991,Best Alternative Music Album,All Shook Down,The Replacements,0
1991,Best Alternative Music Album,Goodbye Jumbo,World Party,0
1991,Best Alternative Music Album,The Sensual World,Kate Bush,0
1991,Best Alternative Music Album,Strange Angels,Laurie Anderson,0
1992,Best Alternative Music Album,Out of Time,R.E.M.,1
1992,Best Alternative Music Album,Doubt,Jesus Jones,0
1992,Best Alternative Music Album,Mighty Like a Rose,Elvis Costello,0
1992,Best Alternative Music Album,Nevermind,Nirvana,0
1992,Best Alternative Music Album,Rumor and Sigh,Richard Thompson,0
1993,Best Alternative Music Album,Bone Machine,Tom Waits,1
1993,Best Alternative Music Album,Good Stuff,The B-52s,0
1993,Best Alternative Music Album,Nonsuch,XTC,0
1993,Best Alternative Music Album,Wish,The Cure,0
1993,Best Alternative Music Album,Your Arsenal,Morrissey,0
1994,Best Alternative Music Album,Zooropa,U2,1
1994,Best Alternative Music Album,Automatic for the People,R.E.M.,0
1994,Best Alternative Music Album,In Utero,Nirvana,0
1994,Best Alternative Music Album,Siamese Dream,The Smashing Pumpkins,0
1994,Best Alternative Music Album,Star,Belly,0
1995,Best Alternative Music Album,Dookie,Green Day,1
1995,Best Alternative Music Album,The Downward Spiral,Nine Inch Nails,0
1995,Best Alternative Music Album,Fumbling Towards Ecstasy,Sarah McLachlan,0
1995,Best Alternative Music Album,God Shuffled His Feet,Crash Test Dummies,0
1995,Best Alternative Music Album,Under the Pink,Tori Amos,0
1996,Best Alternative Music Album,MTV Unplugged in New York,Nirvana,1
1996,Best Alternative Music Album,Foo Fighters,Foo Fighters,0
1996,Best Alternative Music Album,Post,Björk,0
1996,Best Alternative Music Album,The Presidents of the United States of America,The Presidents of the United States of America,0
1996,Best Alternative Music Album,To Bring You My Love,PJ Harvey,0
1997,Best Alternative Music Album,Odelay,Beck,1
1997,Best Alternative Music Album,Boys for Pele,Tori Amos,0
1997,Best Alternative Music Album,The Burdens of Being Upright,Tracy Bonham,0
1997,Best Alternative Music Album,Mellon Collie and the Infinite Sadness,The Smashing Pumpkins,0
1997,Best Alternative Music Album,New Adventures in Hi-Fi,R.E.M.,0
1998,Best Alternative Music Album,OK Computer,Radiohead,1
1998,Best Alternative Music Album,Dig Your Own Hole,The Chemical Brothers,0
1998,Best Alternative Music Album,Earthling,David Bowie,0
1998,Best Alternative Music Album,The Fat of the Land,The Prodigy,0
1998,Best Alternative Music Album,Homogenic,Björk,0
1999,Best Alternative Music Album,Hello Nasty,Beastie Boys,1
1999,Best Alternative Music Album,Adore,The Smashing Pumpkins,0
1999,Best Alternative Music Album,Airbag/How Am I Driving?,Radiohead,0
1999,Best Alternative Music Album,From the Choirgirl Hotel,Tori Amos,0
1999,Best Alternative Music Album,Is This Desire?,PJ Harvey,0
2000,Best Alternative Music Album,Mutations,Beck,1
2000,Best Alternative Music Album,The Fragile,Nine Inch Nails,0
2000,Best Alternative Music Album,Play,Moby,0
2000,Best Alternative Music Album,To Venus and Back,Tori Amos,0
2000,Best Alternative Music Album,"You've Come a Long Way, Baby",Fatboy Slim,0
2001,Best Alternative Music Album,Kid A,Radiohead,1
2001,Best Alternative Music Album,Bloodflowers,The Cure,0
2001,Best Alternative Music Album,Liverpool Sound Collage,Paul McCartney,0
2001,Best Alternative Music Album,Midnite Vultures,Beck,0
2001,Best Alternative Music Album,When the Pawn...,Fiona Apple,0
2002,Best Alternative Music Album,Parachutes,Coldplay,1
2002,Best Alternative Music Album,Amnesiac,Radiohead,0
2002,Best Alternative Music Album,Halfway Between the Gutter and the Stars,Fatboy Slim,0
2002,Best Alternative Music Album,Strange Little Girls,Tori Amos,0
2002,Best Alternative Music Album,Vespertine,Björk,0
2003,Best Alternative Music Album,A Rush of Blood to the Head,Coldplay,1
2003,Best Alternative Music Album,Behind the Music,The Soundtrack of Our Lives,0
2003,Best Alternative Music Album,Cruel Smile,Elvis Costello and the Imposters,0
2003,Best Alternative Music Album,Sea Change,Beck,0
2003,Best Alternative Music Album,Walking with Thee,Clinic,0
2004,Best Alternative Music Album,Elephant,The White Stripes,1
2004,Best Alternative Music Album,( ),Sigur Rós,0
2004,Best Alternative Music Album,Fever to Tell,Yeah Yeah Yeahs,0
2004,Best Alternative Music Album,Fight Test,The Flaming Lips,0
2004,Best Alternative Music Album,Hail to the Thief,Radiohead,0
2005,Best Alternative Music Album,A Ghost Is Born,Wilco,1
2005,Best Alternative Music Album,Franz Ferdinand,Franz Ferdinand,0
2005,Best Alternative Music Album,Good News for People Who Love Bad News,Modest Mouse,0
2005,Best Alternative Music Album,Medúlla,Björk,0
2005,Best Alternative Music Album,Uh Huh Her,PJ Harvey,0
2006,Best Alternative Music Album,Get Behind Me Satan,The White Stripes,1
2006,Best Alternative Music Album,Funeral,Arcade Fire,0
2006,Best Alternative Music Album,Guero,Beck,0
2006,Best Alternative Music Album,Plans,Death Cab for Cutie,0
2006,Best Alternative Music Album,You Could Have It So Much Better,Franz Ferdinand,0
2007,Best Alternative Music Album,St. Elsewhere,Gnarls Barkley,1
2007,Best Alternative Music Album,At War with the Mystics,The Flaming Lips,0
2007,Best Alternative Music Album,The Eraser,Thom Yorke,0
2007,Best Alternative Music Album,Show Your Bones,Yeah Yeah Yeahs,0
2007,Best Alternative Music Album,"Whatever People Say I Am, That's What I'm Not",Arctic Monkeys,0
2008,Best Alternative Music Album,Icky Thump,The White Stripes,1
2008,Best Alternative Music Album,"Alright, Still",Lily Allen,0
2008,Best Alternative Music Album,Neon Bible,Arcade Fire,0
2008,Best Alternative Music Album,Volta,Björk,0
2008,Best Alternative Music Album,Wincing the Night Away,The Shins,0
2009,Best Alternative Music Album,In Rainbows,Radiohead,1
2009,Best Alternative Music Album,Evil Urges,My Morning Jacket,0
2009,Best Alternative Music Album,Modern Guilt,Beck,0
2009,Best Alternative Music Album,Narrow Stairs,Death Cab for Cutie,0
2009,Best Alternative Music Album,The Odd Couple,Gnarls Barkley,0
2010,Best Alternative Music Album,Wolfgang Amadeus Phoenix,Phoenix,1
2010,Best Alternative Music Album,Everything That Happens Will Happen Today,David Byrne and Brian Eno,0
2010,Best Alternative Music Album,It's Blitz!,Yeah Yeah Yeahs,0
2010,Best Alternative Music Album,The Open Door EP,Death Cab for Cutie,0
2010,Best Alternative Music Album,Sounds of the Universe,Depeche Mode,0
2011,Best Alternative Music Album,Brothers,The Black Keys,1
2011,Best Alternative Music Album,Broken Bells,Broken Bells,0
2011,Best Alternative Music Album,Contra,Vampire Weekend,0
2011,Best Alternative Music Album,Infinite Arms,Band of Horses,0
2011,Best Alternative Music Album,The Suburbs,Arcade Fire,0
2012,Best Alternative Music Album,Bon Iver,Bon Iver,1
2012,Best Alternative Music Album,Circuital,My Morning Jacket,0
2012,Best Alternative Music Album,Codes and Keys,Death Cab for Cutie,0
2012,Best Alternative Music Album,The King of Limbs,Radiohead,0
2012,Best Alternative Music Album,Torches,Foster the People,0
2013,Best Alternative Music Album,Making Mirrors,Gotye,1
2013,Best Alternative Music Album,Bad as Me,Tom Waits,0
2013,Best Alternative Music Album,Biophilia,Björk,0
2013,Best Alternative Music Album,"Hurry Up, We're Dreaming",M83,0
2013,Best Alternative Music Album,The Idler Wheel...,Fiona Apple,0
2014,Best Alternative Music Album,Modern Vampires of the City,Vampire Weekend,1
2014,Best Alternative Music Album,Hesitation Marks,Nine Inch Nails,0
2014,Best Alternative Music Album,Lonerism,Tame Impala,0
2014,Best Alternative Music Album,Trouble Will Find Me,The National,0
2014,Best Alternative Music Album,"The Worse Things Get, the Harder I Fight, the Harder I Fight, the More I Love You",Neko Case,0
2015,Best Alternative Music Album,St. Vincent,St. Vincent,1
2015,Best Alternative Music Album,Lazaretto,Jack White,0
2015,Best Alternative Music Album,Melophobia,Cage the Elephant,0
2015,Best Alternative Music Album,This Is All Yours,Alt-J,0
2016,Best Alternative Music Album,Sound & Color,Alabama Shakes,1
2016,Best Alternative Music Album,Currents,Tame Impala,0
2016,Best Alternative Music Album,Star Wars,Wilco,0
2016,Best Alternative Music Album,Vulnicura,Björk,0
2016,Best Alternative Music Album,The Waterfall,My Morning Jacket,0
2017,Best Alternative Music Album,Blackstar,David Bowie,1
2017,Best Alternative Music Album,"22, A Million",Bon Iver,0
2017,Best Alternative Music Album,The Hope Six Demolition Project,PJ Harvey,0
2017,Best Alternative Music Album,A Moon Shaped Pool,Radiohead,0
2017,Best Alternative Music Album,Post Pop Depression,Iggy Pop,0
2018,Best Alternative Music Album,Sleep Well Beast,The National,1
2018,Best Alternative Music Album,American Dream,LCD Soundsystem,0
2018,Best Alternative Music Album,Everything Now,Arcade Fire,0
2018,Best Alternative Music Album,Humanz,Gorillaz,0
2018,Best Alternative Music Album,Pure Comedy,Father John Misty,0
2019,Best Alternative Music Album,Colors,Beck,1
2019,Best Alternative Music Album,American Utopia,David Byrne,0
2019,Best Alternative Music Album,Masseduction,St. Vincent,0
2019,Best Alternative Music Album,Tranquility Base Hotel & Casino,Arctic Monkeys,0
2019,Best Alternative Music Album,Utopia,Björk,0
2020,Best Alternative Music Album,Father of the Bride,Vampire Weekend,1
2020,Best Alternative Music Album,Anima,Thom Yorke,0
2020,Best Alternative Music Album,Assume Form,James Blake,0
2020,Best Alternative Music Album,"I, I",Bon Iver,0
2020,Best Alternative Music Album,U.F.O.F.,Big Thief,0
2021,Best Alternative Music Album,Fetch the Bolt Cutters,Fiona Apple,1
2021,Best Alternative Music Album,Hyperspace,Beck,0
2021,Best Alternative Music Album,Jaime,Brittany Howard,0
2021,Best Alternative Music Album,Punisher,Phoebe Bridgers,0
2021,Best Alternative Music Album,The Slow Rush,Tame Impala,0
2022,Best Alternative Music Album,Daddy's Home,St. Vincent,1
2022,Best Alternative Music Album,Collapsed in Sunbeams,Arlo Parks,0
2022,Best Alternative Music Album,"If I Can't Have Love, I Want Power",Halsey,0
2022,Best Alternative Music Album,Jubilee,Japanese Breakfast,0
2022,Best Alternative Music Album,Shore,Fleet Foxes,0
2023,Best Alternative Music Album,Wet Leg,Wet Leg,1
2023,Best Alternative Music Album,Cool It Down,Yeah Yeah Yeahs,0
2023,Best Alternative Music Album,Dragon New Warm Mountain I Believe in You,Big Thief,0
2023,Best Alternative Music Album,Fossora,Björk,0
2023,Best Alternative Music Album,We,Arcade Fire,0
2024,Best Alternative Music Album,The Record,Boygenius,1
2024,Best Alternative Music Album,The Car,Arctic Monkeys,0
2024,Best Alternative Music Album,Cracker Island,Gorillaz,0
2024,Best Alternative Music Album,Did You Know That There's a Tunnel Under Ocean Blvd,Lana Del Rey,0
2024,Best Alternative Music Album,I Inside the Old Year Dying,PJ Harvey,0
2025,Best Alternative Music Album,All Born Screaming,St. Vincent,1
2025,Best Alternative Music Album,Charm,Clairo,0
2025,Best Alternative Music Album,The Collective,Kim Gordon,0
2025,Best Alternative Music Album,What Now,Brittany Howard,0
2025,Best Alternative Music Album,Wild God,Nick Cave and the Bad Seeds,0
2026,Best Alternative Music Album,Don't Tap the Glass,"Tyler, the Creator",0
2026,Best Alternative Music Album,Ego Death at a Bachelorette Party,Hayley Williams,0
2026,Best Alternative Music Album,Moisturizer,Wet Leg,0
2026,Best Alternative Music Album,"Sable, Fable",Bon Iver,0